<?xml version="1.0" encoding="UTF-8"?>
<kml xmlns="http://www.opengis.net/kml/2.2">
  <Document>
    <name>All Points</name>
    <description>All points from aquaculture dataset with label-based coloring</description>
    <Style id="style0">
      <IconStyle>
        <color>ff0000ff</color>  <!-- blue in ABGR -->
        <scale>0.8</scale>
        <Icon>
          <href>http://maps.google.com/mapfiles/kml/paddle/blu-blank.png</href>
        </Icon>
      </IconStyle>
    </Style>
    <Style id="style1">
      <IconStyle>
        <color>ffff0000</color>  <!-- red in ABGR -->
        <scale>0.8</scale>
        <Icon>
          <href>http://maps.google.com/mapfiles/kml/paddle/red-blank.png</href>
        </Icon>
      </IconStyle>
    </Style>
    <Placemark>
      <name>ID_ID_TR_XAJI0Y</name>
      <styleUrl>#style0</styleUrl>
      <Point>
        <coordinates>48.20364306,40.09032891,0</coordinates>
      </Point>
    </Placemark>
    <Placemark>
      <name>ID_ID_TR_6DPBHS</name>
      <styleUrl>#style0</styleUrl>
      <Point>
        <coordinates>49.02209812,39.82981748,0</coordinates>
      </Point>
    </Placemark>
    <Placemark>
      <name>ID_ID_TR_AHXTHV</name>
      <styleUrl>#style0</styleUrl>
      <Point>
        <coordinates>48.75296286,39.76433029,0</coordinates>
      </Point>
    </Placemark>
    <Placemark>
      <name>ID_ID_TR_3A3ZMF</name>
      <styleUrl>#style0</styleUrl>
      <Point>
        <coordinates>48.78880564,39.77070833,0</coordinates>
      </Point>
    </Placemark>
    <Placemark>
      <name>ID_ID_TR_8MDD4V</name>
      <styleUrl>#style0</styleUrl>
      <Point>
        <coordinates>48.19546839,39.85748559,0</coordinates>
      </Point>
    </Placemark>
    <Placemark>
      <name>ID_ID_TR_30T9NT</name>
      <styleUrl>#style0</styleUrl>
      <Point>
        <coordinates>48.06332621,39.93932211,0</coordinates>
      </Point>
    </Placemark>
    <Placemark>
      <name>ID_ID_TR_3W5UZB</name>
      <styleUrl>#style0</styleUrl>
      <Point>
        <coordinates>48.26993873,40.06858968,0</coordinates>
      </Point>
    </Placemark>
    <Placemark>
      <name>ID_ID_TR_IKCIDK</name>
      <styleUrl>#style0</styleUrl>
      <Point>
        <coordinates>48.32518512,40.06885917,0</coordinates>
      </Point>
    </Placemark>
    <Placemark>
      <name>ID_ID_TR_WNNHJ7</name>
      <styleUrl>#style0</styleUrl>
      <Point>
        <coordinates>48.9781705,39.83691417,0</coordinates>
      </Point>
    </Placemark>
    <Placemark>
      <name>ID_ID_TR_XVG0FN</name>
      <styleUrl>#style0</styleUrl>
      <Point>
        <coordinates>48.98230275,39.87194846,0</coordinates>
      </Point>
    </Placemark>
    <Placemark>
      <name>ID_ID_TR_9XUY41</name>
      <styleUrl>#style0</styleUrl>
      <Point>
        <coordinates>48.26059625,39.88039263,0</coordinates>
      </Point>
    </Placemark>
    <Placemark>
      <name>ID_ID_TR_IBLJH7</name>
      <styleUrl>#style0</styleUrl>
      <Point>
        <coordinates>48.25323007,39.95144937,0</coordinates>
      </Point>
    </Placemark>
    <Placemark>
      <name>ID_ID_TR_5LXO6Q</name>
      <styleUrl>#style0</styleUrl>
      <Point>
        <coordinates>48.56054372,40.01783487,0</coordinates>
      </Point>
    </Placemark>
    <Placemark>
      <name>ID_ID_TR_JIUJV6</name>
      <styleUrl>#style0</styleUrl>
      <Point>
        <coordinates>48.58767285,40.02942313,0</coordinates>
      </Point>
    </Placemark>
    <Placemark>
      <name>ID_ID_TR_OH9SDB</name>
      <styleUrl>#style0</styleUrl>
      <Point>
        <coordinates>48.54114011,40.03966393,0</coordinates>
      </Point>
    </Placemark>
    <Placemark>
      <name>ID_ID_TR_DW2PCN</name>
      <styleUrl>#style0</styleUrl>
      <Point>
        <coordinates>48.45184757,40.0840407,0</coordinates>
      </Point>
    </Placemark>
    <Placemark>
      <name>ID_ID_TR_9T84AZ</name>
      <styleUrl>#style0</styleUrl>
      <Point>
        <coordinates>48.10563686,39.97273944,0</coordinates>
      </Point>
    </Placemark>
    <Placemark>
      <name>ID_ID_TR_YTJXEP</name>
      <styleUrl>#style0</styleUrl>
      <Point>
        <coordinates>48.08057387,40.00436014,0</coordinates>
      </Point>
    </Placemark>
    <Placemark>
      <name>ID_ID_TR_Q85JSG</name>
      <styleUrl>#style0</styleUrl>
      <Point>
        <coordinates>48.73499655,39.63048132,0</coordinates>
      </Point>
    </Placemark>
    <Placemark>
      <name>ID_ID_TR_65KXVF</name>
      <styleUrl>#style0</styleUrl>
      <Point>
        <coordinates>49.12342808,39.70818559,0</coordinates>
      </Point>
    </Placemark>
    <Placemark>
      <name>ID_ID_TR_1T2TAL</name>
      <styleUrl>#style0</styleUrl>
      <Point>
        <coordinates>49.1189365,39.7575031,0</coordinates>
      </Point>
    </Placemark>
    <Placemark>
      <name>ID_ID_TR_A753LC</name>
      <styleUrl>#style0</styleUrl>
      <Point>
        <coordinates>48.13429312,39.82137331,0</coordinates>
      </Point>
    </Placemark>
    <Placemark>
      <name>ID_ID_TR_58DRC1</name>
      <styleUrl>#style0</styleUrl>
      <Point>
        <coordinates>48.43136599,39.2329768,0</coordinates>
      </Point>
    </Placemark>
    <Placemark>
      <name>ID_ID_TR_1ERTJ5</name>
      <styleUrl>#style0</styleUrl>
      <Point>
        <coordinates>48.18711406,39.69776513,0</coordinates>
      </Point>
    </Placemark>
    <Placemark>
      <name>ID_ID_TR_PHT0HL</name>
      <styleUrl>#style0</styleUrl>
      <Point>
        <coordinates>48.61875455,39.41524497,0</coordinates>
      </Point>
    </Placemark>
    <Placemark>
      <name>ID_ID_TR_9XPSEI</name>
      <styleUrl>#style0</styleUrl>
      <Point>
        <coordinates>49.06467826,39.68833282,0</coordinates>
      </Point>
    </Placemark>
    <Placemark>
      <name>ID_ID_TR_MVIHCW</name>
      <styleUrl>#style0</styleUrl>
      <Point>
        <coordinates>48.78907513,39.2346836,0</coordinates>
      </Point>
    </Placemark>
    <Placemark>
      <name>ID_ID_TR_I64CIY</name>
      <styleUrl>#style0</styleUrl>
      <Point>
        <coordinates>48.56269968,39.40356688,0</coordinates>
      </Point>
    </Placemark>
    <Placemark>
      <name>ID_ID_TR_HE7UR2</name>
      <styleUrl>#style0</styleUrl>
      <Point>
        <coordinates>48.49146328,39.20432055,0</coordinates>
      </Point>
    </Placemark>
    <Placemark>
      <name>ID_ID_TR_3GDPPQ</name>
      <styleUrl>#style0</styleUrl>
      <Point>
        <coordinates>48.48921749,39.21285454,0</coordinates>
      </Point>
    </Placemark>
    <Placemark>
      <name>ID_ID_TR_0Y9DOM</name>
      <styleUrl>#style0</styleUrl>
      <Point>
        <coordinates>48.5069143,39.21519016,0</coordinates>
      </Point>
    </Placemark>
    <Placemark>
      <name>ID_ID_TR_5IGQPK</name>
      <styleUrl>#style0</styleUrl>
      <Point>
        <coordinates>48.49802098,39.6845599,0</coordinates>
      </Point>
    </Placemark>
    <Placemark>
      <name>ID_ID_TR_I7P5TB</name>
      <styleUrl>#style0</styleUrl>
      <Point>
        <coordinates>48.13752706,39.09894816,0</coordinates>
      </Point>
    </Placemark>
    <Placemark>
      <name>ID_ID_TR_94874F</name>
      <styleUrl>#style0</styleUrl>
      <Point>
        <coordinates>48.62171899,39.41003475,0</coordinates>
      </Point>
    </Placemark>
    <Placemark>
      <name>ID_ID_TR_RHOCN9</name>
      <styleUrl>#style0</styleUrl>
      <Point>
        <coordinates>48.48688187,39.28355195,0</coordinates>
      </Point>
    </Placemark>
    <Placemark>
      <name>ID_ID_TR_J2QP89</name>
      <styleUrl>#style0</styleUrl>
      <Point>
        <coordinates>49.06099517,39.30780647,0</coordinates>
      </Point>
    </Placemark>
    <Placemark>
      <name>ID_ID_TR_UZFK8U</name>
      <styleUrl>#style0</styleUrl>
      <Point>
        <coordinates>48.06152958,39.72498408,0</coordinates>
      </Point>
    </Placemark>
    <Placemark>
      <name>ID_ID_TR_T0CVS4</name>
      <styleUrl>#style0</styleUrl>
      <Point>
        <coordinates>48.05425323,39.75480815,0</coordinates>
      </Point>
    </Placemark>
    <Placemark>
      <name>ID_ID_TR_F8CGVY</name>
      <styleUrl>#style0</styleUrl>
      <Point>
        <coordinates>48.05811599,39.5250191,0</coordinates>
      </Point>
    </Placemark>
    <Placemark>
      <name>ID_ID_TR_IE6IVW</name>
      <styleUrl>#style0</styleUrl>
      <Point>
        <coordinates>48.05497188,39.54038029,0</coordinates>
      </Point>
    </Placemark>
    <Placemark>
      <name>ID_ID_TR_PVS7HZ</name>
      <styleUrl>#style0</styleUrl>
      <Point>
        <coordinates>48.05048031,39.54909395,0</coordinates>
      </Point>
    </Placemark>
    <Placemark>
      <name>ID_ID_TR_IOYKL1</name>
      <styleUrl>#style0</styleUrl>
      <Point>
        <coordinates>48.05631936,39.56158053,0</coordinates>
      </Point>
    </Placemark>
    <Placemark>
      <name>ID_ID_TR_CQ99CH</name>
      <styleUrl>#style0</styleUrl>
      <Point>
        <coordinates>48.97448741,39.31157939,0</coordinates>
      </Point>
    </Placemark>
    <Placemark>
      <name>ID_ID_TR_J755NF</name>
      <styleUrl>#style0</styleUrl>
      <Point>
        <coordinates>48.26868109,39.63119997,0</coordinates>
      </Point>
    </Placemark>
    <Placemark>
      <name>ID_ID_TR_4ZW9XA</name>
      <styleUrl>#style0</styleUrl>
      <Point>
        <coordinates>48.53988247,39.21141724,0</coordinates>
      </Point>
    </Placemark>
    <Placemark>
      <name>ID_ID_TR_3KX7EE</name>
      <styleUrl>#style0</styleUrl>
      <Point>
        <coordinates>48.57886936,39.21932241,0</coordinates>
      </Point>
    </Placemark>
    <Placemark>
      <name>ID_ID_TR_DTJVZH</name>
      <styleUrl>#style0</styleUrl>
      <Point>
        <coordinates>48.84270455,39.24878715,0</coordinates>
      </Point>
    </Placemark>
    <Placemark>
      <name>ID_ID_TR_WJR64D</name>
      <styleUrl>#style0</styleUrl>
      <Point>
        <coordinates>48.65522615,39.25534485,0</coordinates>
      </Point>
    </Placemark>
    <Placemark>
      <name>ID_ID_TR_PJA1WJ</name>
      <styleUrl>#style0</styleUrl>
      <Point>
        <coordinates>48.8522267,39.49690183,0</coordinates>
      </Point>
    </Placemark>
    <Placemark>
      <name>ID_ID_TR_0TPAC5</name>
      <styleUrl>#style0</styleUrl>
      <Point>
        <coordinates>48.8254569,39.49860863,0</coordinates>
      </Point>
    </Placemark>
    <Placemark>
      <name>ID_ID_TR_6T4UFE</name>
      <styleUrl>#style0</styleUrl>
      <Point>
        <coordinates>48.89175257,39.49995611,0</coordinates>
      </Point>
    </Placemark>
    <Placemark>
      <name>ID_ID_TR_L6246H</name>
      <styleUrl>#style0</styleUrl>
      <Point>
        <coordinates>48.87414559,39.50085442,0</coordinates>
      </Point>
    </Placemark>
    <Placemark>
      <name>ID_ID_TR_ID25OW</name>
      <styleUrl>#style0</styleUrl>
      <Point>
        <coordinates>48.88896779,39.50453751,0</coordinates>
      </Point>
    </Placemark>
    <Placemark>
      <name>ID_ID_TR_F75935</name>
      <styleUrl>#style0</styleUrl>
      <Point>
        <coordinates>48.87791851,40.09553914,0</coordinates>
      </Point>
    </Placemark>
    <Placemark>
      <name>ID_ID_TR_A0L725</name>
      <styleUrl>#style0</styleUrl>
      <Point>
        <coordinates>48.85725726,40.11548174,0</coordinates>
      </Point>
    </Placemark>
    <Placemark>
      <name>ID_ID_TR_3J2D54</name>
      <styleUrl>#style0</styleUrl>
      <Point>
        <coordinates>48.84495034,40.12024281,0</coordinates>
      </Point>
    </Placemark>
    <Placemark>
      <name>ID_ID_TR_I3QK2I</name>
      <styleUrl>#style0</styleUrl>
      <Point>
        <coordinates>48.81431779,39.97076315,0</coordinates>
      </Point>
    </Placemark>
    <Placemark>
      <name>ID_ID_TR_AGL58K</name>
      <styleUrl>#style0</styleUrl>
      <Point>
        <coordinates>48.81054487,40.03831646,0</coordinates>
      </Point>
    </Placemark>
    <Placemark>
      <name>ID_ID_TR_XO9T7E</name>
      <styleUrl>#style0</styleUrl>
      <Point>
        <coordinates>48.05021081,39.49690183,0</coordinates>
      </Point>
    </Placemark>
    <Placemark>
      <name>ID_ID_TR_8G8JDP</name>
      <styleUrl>#style0</styleUrl>
      <Point>
        <coordinates>48.93612934,39.49726116,0</coordinates>
      </Point>
    </Placemark>
    <Placemark>
      <name>ID_ID_TR_0LVSNU</name>
      <styleUrl>#style0</styleUrl>
      <Point>
        <coordinates>48.92445125,39.49941712,0</coordinates>
      </Point>
    </Placemark>
    <Placemark>
      <name>ID_ID_TR_JZA7TZ</name>
      <styleUrl>#style0</styleUrl>
      <Point>
        <coordinates>48.91331214,39.50130358,0</coordinates>
      </Point>
    </Placemark>
    <Placemark>
      <name>ID_ID_TR_0YNCXL</name>
      <styleUrl>#style0</styleUrl>
      <Point>
        <coordinates>48.92777501,39.50139341,0</coordinates>
      </Point>
    </Placemark>
    <Placemark>
      <name>ID_ID_TR_L4ZKLO</name>
      <styleUrl>#style0</styleUrl>
      <Point>
        <coordinates>48.95436514,39.50498667,0</coordinates>
      </Point>
    </Placemark>
    <Placemark>
      <name>ID_ID_TR_OKEP7Y</name>
      <styleUrl>#style0</styleUrl>
      <Point>
        <coordinates>48.82051617,39.89090292,0</coordinates>
      </Point>
    </Placemark>
    <Placemark>
      <name>ID_ID_TR_6WKTAK</name>
      <styleUrl>#style0</styleUrl>
      <Point>
        <coordinates>48.85653861,39.90410815,0</coordinates>
      </Point>
    </Placemark>
    <Placemark>
      <name>ID_ID_TR_PUXQPH</name>
      <styleUrl>#style0</styleUrl>
      <Point>
        <coordinates>48.81979751,39.92908132,0</coordinates>
      </Point>
    </Placemark>
    <Placemark>
      <name>ID_ID_TR_R62GDS</name>
      <styleUrl>#style0</styleUrl>
      <Point>
        <coordinates>48.84045877,39.93231525,0</coordinates>
      </Point>
    </Placemark>
    <Placemark>
      <name>ID_ID_TR_WM31YI</name>
      <styleUrl>#style0</styleUrl>
      <Point>
        <coordinates>48.41546581,40.07200328,0</coordinates>
      </Point>
    </Placemark>
    <Placemark>
      <name>ID_ID_TR_HAIR4C</name>
      <styleUrl>#style0</styleUrl>
      <Point>
        <coordinates>48.37701791,40.08691531,0</coordinates>
      </Point>
    </Placemark>
    <Placemark>
      <name>ID_ID_TR_OWGZRI</name>
      <styleUrl>#style0</styleUrl>
      <Point>
        <coordinates>48.36884324,40.08826278,0</coordinates>
      </Point>
    </Placemark>
    <Placemark>
      <name>ID_ID_TR_XA11DP</name>
      <styleUrl>#style0</styleUrl>
      <Point>
        <coordinates>48.38357561,40.11134949,0</coordinates>
      </Point>
    </Placemark>
    <Placemark>
      <name>ID_ID_TR_G8SBI4</name>
      <styleUrl>#style0</styleUrl>
      <Point>
        <coordinates>48.31377652,39.19632554,0</coordinates>
      </Point>
    </Placemark>
    <Placemark>
      <name>ID_ID_TR_Q2Y9V8</name>
      <styleUrl>#style0</styleUrl>
      <Point>
        <coordinates>48.26041659,39.21752578,0</coordinates>
      </Point>
    </Placemark>
    <Placemark>
      <name>ID_ID_TR_6WZS3T</name>
      <styleUrl>#style0</styleUrl>
      <Point>
        <coordinates>48.21370419,39.98064461,0</coordinates>
      </Point>
    </Placemark>
    <Placemark>
      <name>ID_ID_TR_60RJIW</name>
      <styleUrl>#style0</styleUrl>
      <Point>
        <coordinates>48.49460738,39.33062367,0</coordinates>
      </Point>
    </Placemark>
    <Placemark>
      <name>ID_ID_TR_1SWJCK</name>
      <styleUrl>#style0</styleUrl>
      <Point>
        <coordinates>48.49604469,39.34337975,0</coordinates>
      </Point>
    </Placemark>
    <Placemark>
      <name>ID_ID_TR_JLTEIY</name>
      <styleUrl>#style0</styleUrl>
      <Point>
        <coordinates>48.51131605,39.40751946,0</coordinates>
      </Point>
    </Placemark>
    <Placemark>
      <name>ID_ID_TR_ZCOTOH</name>
      <styleUrl>#style0</styleUrl>
      <Point>
        <coordinates>48.27694559,39.71842638,0</coordinates>
      </Point>
    </Placemark>
    <Placemark>
      <name>ID_ID_TR_P6VZ41</name>
      <styleUrl>#style0</styleUrl>
      <Point>
        <coordinates>48.25430804,39.73261976,0</coordinates>
      </Point>
    </Placemark>
    <Placemark>
      <name>ID_ID_TR_NAM148</name>
      <styleUrl>#style0</styleUrl>
      <Point>
        <coordinates>48.28934234,39.75480815,0</coordinates>
      </Point>
    </Placemark>
    <Placemark>
      <name>ID_ID_TR_P0TVHH</name>
      <styleUrl>#style0</styleUrl>
      <Point>
        <coordinates>48.27236418,39.9814531,0</coordinates>
      </Point>
    </Placemark>
    <Placemark>
      <name>ID_ID_TR_PBMYOF</name>
      <styleUrl>#style0</styleUrl>
      <Point>
        <coordinates>48.31215955,39.99061591,0</coordinates>
      </Point>
    </Placemark>
    <Placemark>
      <name>ID_ID_TR_QEWAOU</name>
      <styleUrl>#style0</styleUrl>
      <Point>
        <coordinates>48.99371135,39.50831044,0</coordinates>
      </Point>
    </Placemark>
    <Placemark>
      <name>ID_ID_TR_AXEQBN</name>
      <styleUrl>#style0</styleUrl>
      <Point>
        <coordinates>49.0112285,39.50857993,0</coordinates>
      </Point>
    </Placemark>
    <Placemark>
      <name>ID_ID_TR_HL1N13</name>
      <styleUrl>#style0</styleUrl>
      <Point>
        <coordinates>49.00179619,39.50884943,0</coordinates>
      </Point>
    </Placemark>
    <Placemark>
      <name>ID_ID_TR_JCAT9M</name>
      <styleUrl>#style0</styleUrl>
      <Point>
        <coordinates>49.01383362,39.51037656,0</coordinates>
      </Point>
    </Placemark>
    <Placemark>
      <name>ID_ID_TR_X2X18H</name>
      <styleUrl>#style0</styleUrl>
      <Point>
        <coordinates>48.99245371,39.51603595,0</coordinates>
      </Point>
    </Placemark>
    <Placemark>
      <name>ID_ID_TR_AFEYUH</name>
      <styleUrl>#style0</styleUrl>
      <Point>
        <coordinates>48.91969017,39.61494046,0</coordinates>
      </Point>
    </Placemark>
    <Placemark>
      <name>ID_ID_TR_Z1GV0E</name>
      <styleUrl>#style0</styleUrl>
      <Point>
        <coordinates>48.91897152,39.61871339,0</coordinates>
      </Point>
    </Placemark>
    <Placemark>
      <name>ID_ID_TR_38DALY</name>
      <styleUrl>#style0</styleUrl>
      <Point>
        <coordinates>48.90100522,39.62338463,0</coordinates>
      </Point>
    </Placemark>
    <Placemark>
      <name>ID_ID_TR_8OZCYW</name>
      <styleUrl>#style0</styleUrl>
      <Point>
        <coordinates>48.89489667,39.62724738,0</coordinates>
      </Point>
    </Placemark>
    <Placemark>
      <name>ID_ID_TR_D14VE9</name>
      <styleUrl>#style0</styleUrl>
      <Point>
        <coordinates>48.73841015,39.51298168,0</coordinates>
      </Point>
    </Placemark>
    <Placemark>
      <name>ID_ID_TR_2MPNSM</name>
      <styleUrl>#style0</styleUrl>
      <Point>
        <coordinates>48.77937333,39.51450881,0</coordinates>
      </Point>
    </Placemark>
    <Placemark>
      <name>ID_ID_TR_43D8W3</name>
      <styleUrl>#style0</styleUrl>
      <Point>
        <coordinates>48.75943073,39.51774275,0</coordinates>
      </Point>
    </Placemark>
    <Placemark>
      <name>ID_ID_TR_ZP08J3</name>
      <styleUrl>#style0</styleUrl>
      <Point>
        <coordinates>48.79760913,39.52043769,0</coordinates>
      </Point>
    </Placemark>
    <Placemark>
      <name>ID_ID_TR_TRP0J4</name>
      <styleUrl>#style0</styleUrl>
      <Point>
        <coordinates>48.81512628,39.50920875,0</coordinates>
      </Point>
    </Placemark>
    <Placemark>
      <name>ID_ID_TR_3D5IQV</name>
      <styleUrl>#style0</styleUrl>
      <Point>
        <coordinates>48.84090792,39.50956808,0</coordinates>
      </Point>
    </Placemark>
    <Placemark>
      <name>ID_ID_TR_NB4GH2</name>
      <styleUrl>#style0</styleUrl>
      <Point>
        <coordinates>48.88366773,39.51244269,0</coordinates>
      </Point>
    </Placemark>
    <Placemark>
      <name>ID_ID_TR_M5ZJA8</name>
      <styleUrl>#style0</styleUrl>
      <Point>
        <coordinates>48.86138951,39.51316134,0</coordinates>
      </Point>
    </Placemark>
    <Placemark>
      <name>ID_ID_TR_DZR1YX</name>
      <styleUrl>#style0</styleUrl>
      <Point>
        <coordinates>48.8886983,39.51477831,0</coordinates>
      </Point>
    </Placemark>
    <Placemark>
      <name>ID_ID_TR_R2DHYL</name>
      <styleUrl>#style0</styleUrl>
      <Point>
        <coordinates>48.87423542,39.51549696,0</coordinates>
      </Point>
    </Placemark>
    <Placemark>
      <name>ID_ID_TR_URTP0L</name>
      <styleUrl>#style0</styleUrl>
      <Point>
        <coordinates>48.85267585,39.51873089,0</coordinates>
      </Point>
    </Placemark>
    <Placemark>
      <name>ID_ID_TR_ZJJEGE</name>
      <styleUrl>#style0</styleUrl>
      <Point>
        <coordinates>48.82455859,39.51909022,0</coordinates>
      </Point>
    </Placemark>
    <Placemark>
      <name>ID_ID_TR_T1GHR0</name>
      <styleUrl>#style0</styleUrl>
      <Point>
        <coordinates>48.0874909,39.6047895,0</coordinates>
      </Point>
    </Placemark>
    <Placemark>
      <name>ID_ID_TR_9SKDGI</name>
      <styleUrl>#style0</styleUrl>
      <Point>
        <coordinates>48.13411346,39.65132223,0</coordinates>
      </Point>
    </Placemark>
    <Placemark>
      <name>ID_ID_TR_GATJ9T</name>
      <styleUrl>#style0</styleUrl>
      <Point>
        <coordinates>48.12090822,39.67135466,0</coordinates>
      </Point>
    </Placemark>
    <Placemark>
      <name>ID_ID_TR_ZE5R5U</name>
      <styleUrl>#style0</styleUrl>
      <Point>
        <coordinates>49.00080804,39.50516633,0</coordinates>
      </Point>
    </Placemark>
    <Placemark>
      <name>ID_ID_TR_QPGB7R</name>
      <styleUrl>#style0</styleUrl>
      <Point>
        <coordinates>48.20561936,39.23944467,0</coordinates>
      </Point>
    </Placemark>
    <Placemark>
      <name>ID_ID_TR_3OCWBF</name>
      <styleUrl>#style0</styleUrl>
      <Point>
        <coordinates>48.16465618,39.24043282,0</coordinates>
      </Point>
    </Placemark>
    <Placemark>
      <name>ID_ID_TR_UK9E1V</name>
      <styleUrl>#style0</styleUrl>
      <Point>
        <coordinates>48.23858753,39.24959564,0</coordinates>
      </Point>
    </Placemark>
    <Placemark>
      <name>ID_ID_TR_2ISQP4</name>
      <styleUrl>#style0</styleUrl>
      <Point>
        <coordinates>48.14902549,39.70468216,0</coordinates>
      </Point>
    </Placemark>
    <Placemark>
      <name>ID_ID_TR_9KWV08</name>
      <styleUrl>#style0</styleUrl>
      <Point>
        <coordinates>48.0889282,39.70728727,0</coordinates>
      </Point>
    </Placemark>
    <Placemark>
      <name>ID_ID_TR_HHXFGC</name>
      <styleUrl>#style0</styleUrl>
      <Point>
        <coordinates>48.09584523,39.7389978,0</coordinates>
      </Point>
    </Placemark>
    <Placemark>
      <name>ID_ID_TR_AQVKIZ</name>
      <styleUrl>#style0</styleUrl>
      <Point>
        <coordinates>48.1122844,39.74843011,0</coordinates>
      </Point>
    </Placemark>
    <Placemark>
      <name>ID_ID_TR_ZQY72W</name>
      <styleUrl>#style0</styleUrl>
      <Point>
        <coordinates>48.67112634,39.97839883,0</coordinates>
      </Point>
    </Placemark>
    <Placemark>
      <name>ID_ID_TR_X7PTX6</name>
      <styleUrl>#style0</styleUrl>
      <Point>
        <coordinates>48.63061232,39.9994194,0</coordinates>
      </Point>
    </Placemark>
    <Placemark>
      <name>ID_ID_TR_3CFL0U</name>
      <styleUrl>#style0</styleUrl>
      <Point>
        <coordinates>48.64606334,40.04173005,0</coordinates>
      </Point>
    </Placemark>
    <Placemark>
      <name>ID_ID_TR_KEYZ7S</name>
      <styleUrl>#style0</styleUrl>
      <Point>
        <coordinates>48.58425925,39.41829925,0</coordinates>
      </Point>
    </Placemark>
    <Placemark>
      <name>ID_ID_TR_RCBPLJ</name>
      <styleUrl>#style0</styleUrl>
      <Point>
        <coordinates>48.59117628,39.43033667,0</coordinates>
      </Point>
    </Placemark>
    <Placemark>
      <name>ID_ID_TR_D84U89</name>
      <styleUrl>#style0</styleUrl>
      <Point>
        <coordinates>48.59090678,39.46438282,0</coordinates>
      </Point>
    </Placemark>
    <Placemark>
      <name>ID_ID_TR_YJB1QX</name>
      <styleUrl>#style0</styleUrl>
      <Point>
        <coordinates>48.57868969,39.46941339,0</coordinates>
      </Point>
    </Placemark>
    <Placemark>
      <name>ID_ID_TR_6GVWRD</name>
      <styleUrl>#style0</styleUrl>
      <Point>
        <coordinates>48.24110281,39.3643105,0</coordinates>
      </Point>
    </Placemark>
    <Placemark>
      <name>ID_ID_TR_MLY4LY</name>
      <styleUrl>#style0</styleUrl>
      <Point>
        <coordinates>48.16780028,39.39134979,0</coordinates>
      </Point>
    </Placemark>
    <Placemark>
      <name>ID_ID_TR_K83TQL</name>
      <styleUrl>#style0</styleUrl>
      <Point>
        <coordinates>48.93594968,39.50813077,0</coordinates>
      </Point>
    </Placemark>
    <Placemark>
      <name>ID_ID_TR_L8OS9X</name>
      <styleUrl>#style0</styleUrl>
      <Point>
        <coordinates>48.97394842,39.51432915,0</coordinates>
      </Point>
    </Placemark>
    <Placemark>
      <name>ID_ID_TR_TOGN1W</name>
      <styleUrl>#style0</styleUrl>
      <Point>
        <coordinates>48.58389992,39.69201591,0</coordinates>
      </Point>
    </Placemark>
    <Placemark>
      <name>ID_ID_TR_1HT7PZ</name>
      <styleUrl>#style0</styleUrl>
      <Point>
        <coordinates>48.52964168,39.71923487,0</coordinates>
      </Point>
    </Placemark>
    <Placemark>
      <name>ID_ID_TR_E9VIFT</name>
      <styleUrl>#style0</styleUrl>
      <Point>
        <coordinates>48.35725498,39.32981519,0</coordinates>
      </Point>
    </Placemark>
    <Placemark>
      <name>ID_ID_TR_TD96QE</name>
      <styleUrl>#style0</styleUrl>
      <Point>
        <coordinates>48.35186508,39.3774259,0</coordinates>
      </Point>
    </Placemark>
    <Placemark>
      <name>ID_ID_TR_3RZSJ4</name>
      <styleUrl>#style0</styleUrl>
      <Point>
        <coordinates>48.82635522,39.83898029,0</coordinates>
      </Point>
    </Placemark>
    <Placemark>
      <name>ID_ID_TR_9ITN7S</name>
      <styleUrl>#style0</styleUrl>
      <Point>
        <coordinates>48.81431779,39.86062969,0</coordinates>
      </Point>
    </Placemark>
    <Placemark>
      <name>ID_ID_TR_55J2O7</name>
      <styleUrl>#style0</styleUrl>
      <Point>
        <coordinates>48.85204703,39.87383493,0</coordinates>
      </Point>
    </Placemark>
    <Placemark>
      <name>ID_ID_TR_S3KKV9</name>
      <styleUrl>#style0</styleUrl>
      <Point>
        <coordinates>48.28538975,39.81715123,0</coordinates>
      </Point>
    </Placemark>
    <Placemark>
      <name>ID_ID_TR_RFTMTT</name>
      <styleUrl>#style0</styleUrl>
      <Point>
        <coordinates>48.2798202,39.85047873,0</coordinates>
      </Point>
    </Placemark>
    <Placemark>
      <name>ID_ID_TR_QLGZUI</name>
      <styleUrl>#style0</styleUrl>
      <Point>
        <coordinates>48.25933861,39.85443132,0</coordinates>
      </Point>
    </Placemark>
    <Placemark>
      <name>ID_ID_TR_1B0Z3N</name>
      <styleUrl>#style0</styleUrl>
      <Point>
        <coordinates>48.32392748,39.86125851,0</coordinates>
      </Point>
    </Placemark>
    <Placemark>
      <name>ID_ID_TR_X39RBS</name>
      <styleUrl>#style0</styleUrl>
      <Point>
        <coordinates>48.12099806,39.47561176,0</coordinates>
      </Point>
    </Placemark>
    <Placemark>
      <name>ID_ID_TR_V55PSQ</name>
      <styleUrl>#style0</styleUrl>
      <Point>
        <coordinates>48.10410973,39.47830671,0</coordinates>
      </Point>
    </Placemark>
    <Placemark>
      <name>ID_ID_TR_0OXFQ8</name>
      <styleUrl>#style0</styleUrl>
      <Point>
        <coordinates>48.07033307,39.47983384,0</coordinates>
      </Point>
    </Placemark>
    <Placemark>
      <name>ID_ID_TR_MYX444</name>
      <styleUrl>#style0</styleUrl>
      <Point>
        <coordinates>48.11390136,39.49519503,0</coordinates>
      </Point>
    </Placemark>
    <Placemark>
      <name>ID_ID_TR_NLZ15B</name>
      <styleUrl>#style0</styleUrl>
      <Point>
        <coordinates>48.08443662,39.49842897,0</coordinates>
      </Point>
    </Placemark>
    <Placemark>
      <name>ID_ID_TR_CW790P</name>
      <styleUrl>#style0</styleUrl>
      <Point>
        <coordinates>48.1436356,39.4987883,0</coordinates>
      </Point>
    </Placemark>
    <Placemark>
      <name>ID_ID_TR_DW5PY6</name>
      <styleUrl>#style0</styleUrl>
      <Point>
        <coordinates>48.34413957,39.88793848,0</coordinates>
      </Point>
    </Placemark>
    <Placemark>
      <name>ID_ID_TR_B2KNFT</name>
      <styleUrl>#style0</styleUrl>
      <Point>
        <coordinates>48.40899794,39.91300147,0</coordinates>
      </Point>
    </Placemark>
    <Placemark>
      <name>ID_ID_TR_U2GC5W</name>
      <styleUrl>#style0</styleUrl>
      <Point>
        <coordinates>48.43549824,39.51423932,0</coordinates>
      </Point>
    </Placemark>
    <Placemark>
      <name>ID_ID_TR_I6FQJJ</name>
      <styleUrl>#style0</styleUrl>
      <Point>
        <coordinates>48.46065106,39.5352599,0</coordinates>
      </Point>
    </Placemark>
    <Placemark>
      <name>ID_ID_TR_A26YFP</name>
      <styleUrl>#style0</styleUrl>
      <Point>
        <coordinates>48.49658368,39.53759552,0</coordinates>
      </Point>
    </Placemark>
    <Placemark>
      <name>ID_ID_TR_MVXPJ4</name>
      <styleUrl>#style0</styleUrl>
      <Point>
        <coordinates>48.50808211,39.54038029,0</coordinates>
      </Point>
    </Placemark>
    <Placemark>
      <name>ID_ID_TR_HNRIUU</name>
      <styleUrl>#style0</styleUrl>
      <Point>
        <coordinates>48.45508151,39.54064979,0</coordinates>
      </Point>
    </Placemark>
    <Placemark>
      <name>ID_ID_TR_9K9XJU</name>
      <styleUrl>#style0</styleUrl>
      <Point>
        <coordinates>48.49155311,39.54532103,0</coordinates>
      </Point>
    </Placemark>
    <Placemark>
      <name>ID_ID_TR_Y0BVR6</name>
      <styleUrl>#style0</styleUrl>
      <Point>
        <coordinates>48.49541587,39.55304654,0</coordinates>
      </Point>
    </Placemark>
    <Placemark>
      <name>ID_ID_TR_K2VMWW</name>
      <styleUrl>#style0</styleUrl>
      <Point>
        <coordinates>48.45885443,39.5597839,0</coordinates>
      </Point>
    </Placemark>
    <Placemark>
      <name>ID_ID_TR_YZX4W6</name>
      <styleUrl>#style0</styleUrl>
      <Point>
        <coordinates>48.44609836,39.56337716,0</coordinates>
      </Point>
    </Placemark>
    <Placemark>
      <name>ID_ID_TR_XLPU0D</name>
      <styleUrl>#style0</styleUrl>
      <Point>
        <coordinates>48.20157694,39.88353673,0</coordinates>
      </Point>
    </Placemark>
    <Placemark>
      <name>ID_ID_TR_K0GET8</name>
      <styleUrl>#style0</styleUrl>
      <Point>
        <coordinates>48.19394126,39.88569269,0</coordinates>
      </Point>
    </Placemark>
    <Placemark>
      <name>ID_ID_TR_T63J3R</name>
      <styleUrl>#style0</styleUrl>
      <Point>
        <coordinates>48.19169547,39.93617801,0</coordinates>
      </Point>
    </Placemark>
    <Placemark>
      <name>ID_ID_TR_30ME8F</name>
      <styleUrl>#style0</styleUrl>
      <Point>
        <coordinates>48.31530365,39.52798354,0</coordinates>
      </Point>
    </Placemark>
    <Placemark>
      <name>ID_ID_TR_840982</name>
      <styleUrl>#style0</styleUrl>
      <Point>
        <coordinates>48.26445901,39.5335531,0</coordinates>
      </Point>
    </Placemark>
    <Placemark>
      <name>ID_ID_TR_N2ATQY</name>
      <styleUrl>#style0</styleUrl>
      <Point>
        <coordinates>48.30362555,39.53382259,0</coordinates>
      </Point>
    </Placemark>
    <Placemark>
      <name>ID_ID_TR_YV37DI</name>
      <styleUrl>#style0</styleUrl>
      <Point>
        <coordinates>48.2778439,39.53409209,0</coordinates>
      </Point>
    </Placemark>
    <Placemark>
      <name>ID_ID_TR_A5U6HC</name>
      <styleUrl>#style0</styleUrl>
      <Point>
        <coordinates>48.3063205,39.5483753,0</coordinates>
      </Point>
    </Placemark>
    <Placemark>
      <name>ID_ID_TR_36KOF8</name>
      <styleUrl>#style0</styleUrl>
      <Point>
        <coordinates>48.26823193,39.56167037,0</coordinates>
      </Point>
    </Placemark>
    <Placemark>
      <name>ID_ID_TR_KRD5EQ</name>
      <styleUrl>#style0</styleUrl>
      <Point>
        <coordinates>48.27595744,39.59212325,0</coordinates>
      </Point>
    </Placemark>
    <Placemark>
      <name>ID_ID_TR_Y08P0F</name>
      <styleUrl>#style0</styleUrl>
      <Point>
        <coordinates>48.27892188,39.59733348,0</coordinates>
      </Point>
    </Placemark>
    <Placemark>
      <name>ID_ID_TR_ODRO8B</name>
      <styleUrl>#style0</styleUrl>
      <Point>
        <coordinates>49.14094523,39.803946,0</coordinates>
      </Point>
    </Placemark>
    <Placemark>
      <name>ID_ID_TR_NP84DY</name>
      <styleUrl>#style0</styleUrl>
      <Point>
        <coordinates>49.1223501,39.84428035,0</coordinates>
      </Point>
    </Placemark>
    <Placemark>
      <name>ID_ID_TR_T9MOGE</name>
      <styleUrl>#style0</styleUrl>
      <Point>
        <coordinates>49.13780113,39.84535833,0</coordinates>
      </Point>
    </Placemark>
    <Placemark>
      <name>ID_ID_TR_4QXXVA</name>
      <styleUrl>#style0</styleUrl>
      <Point>
        <coordinates>48.9733196,39.70387367,0</coordinates>
      </Point>
    </Placemark>
    <Placemark>
      <name>ID_ID_TR_2IEUC1</name>
      <styleUrl>#style0</styleUrl>
      <Point>
        <coordinates>48.38833668,39.83242259,0</coordinates>
      </Point>
    </Placemark>
    <Placemark>
      <name>ID_ID_TR_HH5LF6</name>
      <styleUrl>#style0</styleUrl>
      <Point>
        <coordinates>48.34297176,39.83915996,0</coordinates>
      </Point>
    </Placemark>
    <Placemark>
      <name>ID_ID_TR_A4FEJG</name>
      <styleUrl>#style0</styleUrl>
      <Point>
        <coordinates>48.36012958,39.85748559,0</coordinates>
      </Point>
    </Placemark>
    <Placemark>
      <name>ID_ID_TR_XAA2IL</name>
      <styleUrl>#style0</styleUrl>
      <Point>
        <coordinates>48.36677712,39.85748559,0</coordinates>
      </Point>
    </Placemark>
    <Placemark>
      <name>ID_ID_TR_GB0S0R</name>
      <styleUrl>#style0</styleUrl>
      <Point>
        <coordinates>48.35689565,39.86871453,0</coordinates>
      </Point>
    </Placemark>
    <Placemark>
      <name>ID_ID_TR_2SDS8B</name>
      <styleUrl>#style0</styleUrl>
      <Point>
        <coordinates>48.40145209,39.86988234,0</coordinates>
      </Point>
    </Placemark>
    <Placemark>
      <name>ID_ID_TR_25SQ8C</name>
      <styleUrl>#style0</styleUrl>
      <Point>
        <coordinates>48.35887194,39.87194846,0</coordinates>
      </Point>
    </Placemark>
    <Placemark>
      <name>ID_ID_TR_ROYR6C</name>
      <styleUrl>#style0</styleUrl>
      <Point>
        <coordinates>48.3444989,39.87338577,0</coordinates>
      </Point>
    </Placemark>
    <Placemark>
      <name>ID_ID_TR_CVCJWT</name>
      <styleUrl>#style0</styleUrl>
      <Point>
        <coordinates>48.77065967,39.32774907,0</coordinates>
      </Point>
    </Placemark>
    <Placemark>
      <name>ID_ID_TR_L9TQVD</name>
      <styleUrl>#style0</styleUrl>
      <Point>
        <coordinates>48.76212567,39.34472722,0</coordinates>
      </Point>
    </Placemark>
    <Placemark>
      <name>ID_ID_TR_Z4X1ZH</name>
      <styleUrl>#style0</styleUrl>
      <Point>
        <coordinates>48.78476322,39.38371411,0</coordinates>
      </Point>
    </Placemark>
    <Placemark>
      <name>ID_ID_TR_QIMQOD</name>
      <styleUrl>#style0</styleUrl>
      <Point>
        <coordinates>48.79760913,39.4007821,0</coordinates>
      </Point>
    </Placemark>
    <Placemark>
      <name>ID_ID_TR_PXNF7C</name>
      <styleUrl>#style0</styleUrl>
      <Point>
        <coordinates>48.36480082,39.60371152,0</coordinates>
      </Point>
    </Placemark>
    <Placemark>
      <name>ID_ID_TR_3DD03U</name>
      <styleUrl>#style0</styleUrl>
      <Point>
        <coordinates>48.39983512,39.68779383,0</coordinates>
      </Point>
    </Placemark>
    <Placemark>
      <name>ID_ID_TR_VULEMX</name>
      <styleUrl>#style0</styleUrl>
      <Point>
        <coordinates>48.23301797,39.45090809,0</coordinates>
      </Point>
    </Placemark>
    <Placemark>
      <name>ID_ID_TR_15Z8VM</name>
      <styleUrl>#style0</styleUrl>
      <Point>
        <coordinates>48.21801611,39.46680827,0</coordinates>
      </Point>
    </Placemark>
    <Placemark>
      <name>ID_ID_TR_UHXID4</name>
      <styleUrl>#style0</styleUrl>
      <Point>
        <coordinates>48.20912278,39.46923372,0</coordinates>
      </Point>
    </Placemark>
    <Placemark>
      <name>ID_ID_TR_N1U349</name>
      <styleUrl>#style0</styleUrl>
      <Point>
        <coordinates>48.2100211,39.48234913,0</coordinates>
      </Point>
    </Placemark>
    <Placemark>
      <name>ID_ID_TR_3WXA73</name>
      <styleUrl>#style0</styleUrl>
      <Point>
        <coordinates>48.19376159,39.48863733,0</coordinates>
      </Point>
    </Placemark>
    <Placemark>
      <name>ID_ID_TR_JGZLMA</name>
      <styleUrl>#style0</styleUrl>
      <Point>
        <coordinates>48.2049007,39.49294925,0</coordinates>
      </Point>
    </Placemark>
    <Placemark>
      <name>ID_ID_TR_5UOFWB</name>
      <styleUrl>#style0</styleUrl>
      <Point>
        <coordinates>48.18684457,39.49788998,0</coordinates>
      </Point>
    </Placemark>
    <Placemark>
      <name>ID_ID_TR_0HPMNZ</name>
      <styleUrl>#style0</styleUrl>
      <Point>
        <coordinates>48.19412092,39.50265105,0</coordinates>
      </Point>
    </Placemark>
    <Placemark>
      <name>ID_ID_TR_1UDBFW</name>
      <styleUrl>#style0</styleUrl>
      <Point>
        <coordinates>48.38600106,39.43276212,0</coordinates>
      </Point>
    </Placemark>
    <Placemark>
      <name>ID_ID_TR_YJXRPJ</name>
      <styleUrl>#style0</styleUrl>
      <Point>
        <coordinates>48.40441653,39.43779269,0</coordinates>
      </Point>
    </Placemark>
    <Placemark>
      <name>ID_ID_TR_1EPKYR</name>
      <styleUrl>#style0</styleUrl>
      <Point>
        <coordinates>48.37683825,39.43976898,0</coordinates>
      </Point>
    </Placemark>
    <Placemark>
      <name>ID_ID_TR_YBOVAK</name>
      <styleUrl>#style0</styleUrl>
      <Point>
        <coordinates>48.34719384,39.44174527,0</coordinates>
      </Point>
    </Placemark>
    <Placemark>
      <name>ID_ID_TR_HEJLA0</name>
      <styleUrl>#style0</styleUrl>
      <Point>
        <coordinates>48.38968416,39.44929112,0</coordinates>
      </Point>
    </Placemark>
    <Placemark>
      <name>ID_ID_TR_GNZS43</name>
      <styleUrl>#style0</styleUrl>
      <Point>
        <coordinates>48.3692924,39.49959678,0</coordinates>
      </Point>
    </Placemark>
    <Placemark>
      <name>ID_ID_TR_C5BA75</name>
      <styleUrl>#style0</styleUrl>
      <Point>
        <coordinates>48.39390624,39.50319004,0</coordinates>
      </Point>
    </Placemark>
    <Placemark>
      <name>ID_ID_TR_UUZPEA</name>
      <styleUrl>#style0</styleUrl>
      <Point>
        <coordinates>48.35473969,39.50606465,0</coordinates>
      </Point>
    </Placemark>
    <Placemark>
      <name>ID_ID_TR_L2W37D</name>
      <styleUrl>#style0</styleUrl>
      <Point>
        <coordinates>48.30515269,39.24555322,0</coordinates>
      </Point>
    </Placemark>
    <Placemark>
      <name>ID_ID_TR_4IVSOL</name>
      <styleUrl>#style0</styleUrl>
      <Point>
        <coordinates>48.32491562,39.29630803,0</coordinates>
      </Point>
    </Placemark>
    <Placemark>
      <name>ID_ID_TR_MLGSES</name>
      <styleUrl>#style0</styleUrl>
      <Point>
        <coordinates>49.04886791,39.71528228,0</coordinates>
      </Point>
    </Placemark>
    <Placemark>
      <name>ID_ID_TR_6M033I</name>
      <styleUrl>#style0</styleUrl>
      <Point>
        <coordinates>49.02380492,39.71636026,0</coordinates>
      </Point>
    </Placemark>
    <Placemark>
      <name>ID_ID_TR_FHV1XG</name>
      <styleUrl>#style0</styleUrl>
      <Point>
        <coordinates>49.02380492,39.73477572,0</coordinates>
      </Point>
    </Placemark>
    <Placemark>
      <name>ID_ID_TR_1R11Q7</name>
      <styleUrl>#style0</styleUrl>
      <Point>
        <coordinates>49.03718981,39.76810322,0</coordinates>
      </Point>
    </Placemark>
    <Placemark>
      <name>ID_ID_TR_UWW5WF</name>
      <styleUrl>#style0</styleUrl>
      <Point>
        <coordinates>49.05578494,39.77124732,0</coordinates>
      </Point>
    </Placemark>
    <Placemark>
      <name>ID_ID_TR_CPKJCS</name>
      <styleUrl>#style0</styleUrl>
      <Point>
        <coordinates>48.91816304,39.32604227,0</coordinates>
      </Point>
    </Placemark>
    <Placemark>
      <name>ID_ID_TR_LQC3C5</name>
      <styleUrl>#style0</styleUrl>
      <Point>
        <coordinates>48.9001069,39.33601357,0</coordinates>
      </Point>
    </Placemark>
    <Placemark>
      <name>ID_ID_TR_4WSQT2</name>
      <styleUrl>#style0</styleUrl>
      <Point>
        <coordinates>48.92822417,39.34418824,0</coordinates>
      </Point>
    </Placemark>
    <Placemark>
      <name>ID_ID_TR_6Q3XLR</name>
      <styleUrl>#style0</styleUrl>
      <Point>
        <coordinates>48.92642754,39.3922481,0</coordinates>
      </Point>
    </Placemark>
    <Placemark>
      <name>ID_ID_TR_FCD6MZ</name>
      <styleUrl>#style0</styleUrl>
      <Point>
        <coordinates>48.52137718,39.73001465,0</coordinates>
      </Point>
    </Placemark>
    <Placemark>
      <name>ID_ID_TR_SGIPPS</name>
      <styleUrl>#style0</styleUrl>
      <Point>
        <coordinates>48.47331731,39.74537584,0</coordinates>
      </Point>
    </Placemark>
    <Placemark>
      <name>ID_ID_TR_FNKOMV</name>
      <styleUrl>#style0</styleUrl>
      <Point>
        <coordinates>48.46657995,39.76558793,0</coordinates>
      </Point>
    </Placemark>
    <Placemark>
      <name>ID_ID_TR_2XCDYK</name>
      <styleUrl>#style0</styleUrl>
      <Point>
        <coordinates>48.43010834,39.73396724,0</coordinates>
      </Point>
    </Placemark>
    <Placemark>
      <name>ID_ID_TR_0X65MU</name>
      <styleUrl>#style0</styleUrl>
      <Point>
        <coordinates>48.35464986,39.77142698,0</coordinates>
      </Point>
    </Placemark>
    <Placemark>
      <name>ID_ID_TR_FM8ZOV</name>
      <styleUrl>#style0</styleUrl>
      <Point>
        <coordinates>48.48400726,39.4241383,0</coordinates>
      </Point>
    </Placemark>
    <Placemark>
      <name>ID_ID_TR_7LN23Y</name>
      <styleUrl>#style0</styleUrl>
      <Point>
        <coordinates>48.48445642,39.45539967,0</coordinates>
      </Point>
    </Placemark>
    <Placemark>
      <name>ID_ID_TR_30YSXP</name>
      <styleUrl>#style0</styleUrl>
      <Point>
        <coordinates>48.49802098,39.45710647,0</coordinates>
      </Point>
    </Placemark>
    <Placemark>
      <name>ID_ID_TR_NNGH8R</name>
      <styleUrl>#style0</styleUrl>
      <Point>
        <coordinates>48.5154483,39.4586336,0</coordinates>
      </Point>
    </Placemark>
    <Placemark>
      <name>ID_ID_TR_IEC4D1</name>
      <styleUrl>#style0</styleUrl>
      <Point>
        <coordinates>48.46487315,39.46285568,0</coordinates>
      </Point>
    </Placemark>
    <Placemark>
      <name>ID_ID_TR_45BM1E</name>
      <styleUrl>#style0</styleUrl>
      <Point>
        <coordinates>48.44088813,39.46644895,0</coordinates>
      </Point>
    </Placemark>
    <Placemark>
      <name>ID_ID_TR_NF313F</name>
      <styleUrl>#style0</styleUrl>
      <Point>
        <coordinates>48.3741433,39.50911892,0</coordinates>
      </Point>
    </Placemark>
    <Placemark>
      <name>ID_ID_TR_POYIPK</name>
      <styleUrl>#style0</styleUrl>
      <Point>
        <coordinates>48.34306159,39.51199353,0</coordinates>
      </Point>
    </Placemark>
    <Placemark>
      <name>ID_ID_TR_0QTL3Q</name>
      <styleUrl>#style0</styleUrl>
      <Point>
        <coordinates>48.39678085,39.52474961,0</coordinates>
      </Point>
    </Placemark>
    <Placemark>
      <name>ID_ID_TR_4N89QK</name>
      <styleUrl>#style0</styleUrl>
      <Point>
        <coordinates>48.42319132,39.52789371,0</coordinates>
      </Point>
    </Placemark>
    <Placemark>
      <name>ID_ID_TR_NS832E</name>
      <styleUrl>#style0</styleUrl>
      <Point>
        <coordinates>48.35078711,39.52951068,0</coordinates>
      </Point>
    </Placemark>
    <Placemark>
      <name>ID_ID_TR_JX5TD4</name>
      <styleUrl>#style0</styleUrl>
      <Point>
        <coordinates>48.36201605,39.55933475,0</coordinates>
      </Point>
    </Placemark>
    <Placemark>
      <name>ID_ID_TR_4K1J6F</name>
      <styleUrl>#style0</styleUrl>
      <Point>
        <coordinates>48.37558061,39.55996357,0</coordinates>
      </Point>
    </Placemark>
    <Placemark>
      <name>ID_ID_TR_P8HQMA</name>
      <styleUrl>#style0</styleUrl>
      <Point>
        <coordinates>48.40899794,39.57370779,0</coordinates>
      </Point>
    </Placemark>
    <Placemark>
      <name>ID_ID_TR_BSI9NB</name>
      <styleUrl>#style0</styleUrl>
      <Point>
        <coordinates>48.430827,39.57541459,0</coordinates>
      </Point>
    </Placemark>
    <Placemark>
      <name>ID_ID_TR_74X2EK</name>
      <styleUrl>#style0</styleUrl>
      <Point>
        <coordinates>48.5866847,39.64054245,0</coordinates>
      </Point>
    </Placemark>
    <Placemark>
      <name>ID_ID_TR_3ZEZQA</name>
      <styleUrl>#style0</styleUrl>
      <Point>
        <coordinates>48.54096045,39.64754931,0</coordinates>
      </Point>
    </Placemark>
    <Placemark>
      <name>ID_ID_TR_CJ4T0S</name>
      <styleUrl>#style0</styleUrl>
      <Point>
        <coordinates>48.61857489,39.66506645,0</coordinates>
      </Point>
    </Placemark>
    <Placemark>
      <name>ID_ID_TR_EKKBP2</name>
      <styleUrl>#style0</styleUrl>
      <Point>
        <coordinates>48.57599475,39.67952933,0</coordinates>
      </Point>
    </Placemark>
    <Placemark>
      <name>ID_ID_TR_QD6VAS</name>
      <styleUrl>#style0</styleUrl>
      <Point>
        <coordinates>48.61219685,39.81643258,0</coordinates>
      </Point>
    </Placemark>
    <Placemark>
      <name>ID_ID_TR_IFPWIO</name>
      <styleUrl>#style0</styleUrl>
      <Point>
        <coordinates>48.596656,39.8170614,0</coordinates>
      </Point>
    </Placemark>
    <Placemark>
      <name>ID_ID_TR_XD9CSS</name>
      <styleUrl>#style0</styleUrl>
      <Point>
        <coordinates>48.60366286,39.81769022,0</coordinates>
      </Point>
    </Placemark>
    <Placemark>
      <name>ID_ID_TR_9TOQW9</name>
      <styleUrl>#style0</styleUrl>
      <Point>
        <coordinates>48.53664854,39.81813938,0</coordinates>
      </Point>
    </Placemark>
    <Placemark>
      <name>ID_ID_TR_JA2M0W</name>
      <styleUrl>#style0</styleUrl>
      <Point>
        <coordinates>48.61399348,39.81885803,0</coordinates>
      </Point>
    </Placemark>
    <Placemark>
      <name>ID_ID_TR_10LBT3</name>
      <styleUrl>#style0</styleUrl>
      <Point>
        <coordinates>48.61309517,39.82236146,0</coordinates>
      </Point>
    </Placemark>
    <Placemark>
      <name>ID_ID_TR_G2QZW3</name>
      <styleUrl>#style0</styleUrl>
      <Point>
        <coordinates>48.60303404,39.82290045,0</coordinates>
      </Point>
    </Placemark>
    <Placemark>
      <name>ID_ID_TR_C1QKBH</name>
      <styleUrl>#style0</styleUrl>
      <Point>
        <coordinates>48.61426298,39.82568523,0</coordinates>
      </Point>
    </Placemark>
    <Placemark>
      <name>ID_ID_TR_B7S9TJ</name>
      <styleUrl>#style0</styleUrl>
      <Point>
        <coordinates>48.59845263,39.82640388,0</coordinates>
      </Point>
    </Placemark>
    <Placemark>
      <name>ID_ID_TR_1GM25L</name>
      <styleUrl>#style0</styleUrl>
      <Point>
        <coordinates>48.57743205,39.85092789,0</coordinates>
      </Point>
    </Placemark>
    <Placemark>
      <name>ID_ID_TR_EN606N</name>
      <styleUrl>#style0</styleUrl>
      <Point>
        <coordinates>48.5616217,39.85407199,0</coordinates>
      </Point>
    </Placemark>
    <Placemark>
      <name>ID_ID_TR_9RR7S2</name>
      <styleUrl>#style0</styleUrl>
      <Point>
        <coordinates>48.58749318,39.87410442,0</coordinates>
      </Point>
    </Placemark>
    <Placemark>
      <name>ID_ID_TR_0CV3TL</name>
      <styleUrl>#style0</styleUrl>
      <Point>
        <coordinates>48.20481087,39.6064963,0</coordinates>
      </Point>
    </Placemark>
    <Placemark>
      <name>ID_ID_TR_CXLVPY</name>
      <styleUrl>#style0</styleUrl>
      <Point>
        <coordinates>48.16726129,39.62033035,0</coordinates>
      </Point>
    </Placemark>
    <Placemark>
      <name>ID_ID_TR_MB5M9J</name>
      <styleUrl>#style0</styleUrl>
      <Point>
        <coordinates>48.21675846,39.6230253,0</coordinates>
      </Point>
    </Placemark>
    <Placemark>
      <name>ID_ID_TR_98CWN2</name>
      <styleUrl>#style0</styleUrl>
      <Point>
        <coordinates>48.24810967,39.65024425,0</coordinates>
      </Point>
    </Placemark>
    <Placemark>
      <name>ID_ID_TR_Y8FV2B</name>
      <styleUrl>#style0</styleUrl>
      <Point>
        <coordinates>48.63124114,39.81957668,0</coordinates>
      </Point>
    </Placemark>
    <Placemark>
      <name>ID_ID_TR_C2NNUV</name>
      <styleUrl>#style0</styleUrl>
      <Point>
        <coordinates>48.64022429,39.82038517,0</coordinates>
      </Point>
    </Placemark>
    <Placemark>
      <name>ID_ID_TR_Y8N1UT</name>
      <styleUrl>#style0</styleUrl>
      <Point>
        <coordinates>48.62872585,39.82110382,0</coordinates>
      </Point>
    </Placemark>
    <Placemark>
      <name>ID_ID_TR_OXIE0R</name>
      <styleUrl>#style0</styleUrl>
      <Point>
        <coordinates>48.63600221,39.82658354,0</coordinates>
      </Point>
    </Placemark>
    <Placemark>
      <name>ID_ID_TR_NUJJQ9</name>
      <styleUrl>#style0</styleUrl>
      <Point>
        <coordinates>48.62603091,39.82694287,0</coordinates>
      </Point>
    </Placemark>
    <Placemark>
      <name>ID_ID_TR_K6RE4Q</name>
      <styleUrl>#style0</styleUrl>
      <Point>
        <coordinates>48.69205708,39.85640761,0</coordinates>
      </Point>
    </Placemark>
    <Placemark>
      <name>ID_ID_TR_6QDY4L</name>
      <styleUrl>#style0</styleUrl>
      <Point>
        <coordinates>48.33632423,39.45126742,0</coordinates>
      </Point>
    </Placemark>
    <Placemark>
      <name>ID_ID_TR_MCT64Z</name>
      <styleUrl>#style0</styleUrl>
      <Point>
        <coordinates>48.33129366,39.45755562,0</coordinates>
      </Point>
    </Placemark>
    <Placemark>
      <name>ID_ID_TR_7W2SEH</name>
      <styleUrl>#style0</styleUrl>
      <Point>
        <coordinates>48.25996743,39.47399479,0</coordinates>
      </Point>
    </Placemark>
    <Placemark>
      <name>ID_ID_TR_E2ATN2</name>
      <styleUrl>#style0</styleUrl>
      <Point>
        <coordinates>48.31305786,39.49079329,0</coordinates>
      </Point>
    </Placemark>
    <Placemark>
      <name>ID_ID_TR_TWDL9Z</name>
      <styleUrl>#style0</styleUrl>
      <Point>
        <coordinates>48.29302543,39.49618318,0</coordinates>
      </Point>
    </Placemark>
    <Placemark>
      <name>ID_ID_TR_S13C9X</name>
      <styleUrl>#style0</styleUrl>
      <Point>
        <coordinates>48.31341719,39.49815947,0</coordinates>
      </Point>
    </Placemark>
    <Placemark>
      <name>ID_ID_TR_QYM52X</name>
      <styleUrl>#style0</styleUrl>
      <Point>
        <coordinates>48.68352309,39.87949431,0</coordinates>
      </Point>
    </Placemark>
    <Placemark>
      <name>ID_ID_TR_G8P6BE</name>
      <styleUrl>#style0</styleUrl>
      <Point>
        <coordinates>48.70957423,39.90967771,0</coordinates>
      </Point>
    </Placemark>
    <Placemark>
      <name>ID_ID_TR_FFLZM7</name>
      <styleUrl>#style0</styleUrl>
      <Point>
        <coordinates>48.69654866,39.91282181,0</coordinates>
      </Point>
    </Placemark>
    <Placemark>
      <name>ID_ID_TR_64JWTE</name>
      <styleUrl>#style0</styleUrl>
      <Point>
        <coordinates>48.63717002,39.92126597,0</coordinates>
      </Point>
    </Placemark>
    <Placemark>
      <name>ID_ID_TR_KTSG7F</name>
      <styleUrl>#style0</styleUrl>
      <Point>
        <coordinates>48.68316376,39.92252361,0</coordinates>
      </Point>
    </Placemark>
    <Placemark>
      <name>ID_ID_TR_XZV4U3</name>
      <styleUrl>#style0</styleUrl>
      <Point>
        <coordinates>48.77155798,39.78562037,0</coordinates>
      </Point>
    </Placemark>
    <Placemark>
      <name>ID_ID_TR_BBXUX1</name>
      <styleUrl>#style0</styleUrl>
      <Point>
        <coordinates>48.72969649,39.79837644,0</coordinates>
      </Point>
    </Placemark>
    <Placemark>
      <name>ID_ID_TR_OXRWK8</name>
      <styleUrl>#style0</styleUrl>
      <Point>
        <coordinates>48.72071334,39.82343944,0</coordinates>
      </Point>
    </Placemark>
    <Placemark>
      <name>ID_ID_TR_R2YKCC</name>
      <styleUrl>#style0</styleUrl>
      <Point>
        <coordinates>48.72781003,39.85218553,0</coordinates>
      </Point>
    </Placemark>
    <Placemark>
      <name>ID_ID_TR_PRHVLZ</name>
      <styleUrl>#style0</styleUrl>
      <Point>
        <coordinates>48.75116623,39.85272452,0</coordinates>
      </Point>
    </Placemark>
    <Placemark>
      <name>ID_ID_TR_049ENU</name>
      <styleUrl>#style0</styleUrl>
      <Point>
        <coordinates>48.22358566,39.50741212,0</coordinates>
      </Point>
    </Placemark>
    <Placemark>
      <name>ID_ID_TR_LQJIDK</name>
      <styleUrl>#style0</styleUrl>
      <Point>
        <coordinates>48.165285,39.513341,0</coordinates>
      </Point>
    </Placemark>
    <Placemark>
      <name>ID_ID_TR_NWI5FL</name>
      <styleUrl>#style0</styleUrl>
      <Point>
        <coordinates>48.19115648,39.53148697,0</coordinates>
      </Point>
    </Placemark>
    <Placemark>
      <name>ID_ID_TR_UL1RSR</name>
      <styleUrl>#style0</styleUrl>
      <Point>
        <coordinates>48.16564433,39.53400225,0</coordinates>
      </Point>
    </Placemark>
    <Placemark>
      <name>ID_ID_TR_LA8S8H</name>
      <styleUrl>#style0</styleUrl>
      <Point>
        <coordinates>48.21038043,39.55331603,0</coordinates>
      </Point>
    </Placemark>
    <Placemark>
      <name>ID_ID_TR_MBR5XQ</name>
      <styleUrl>#style0</styleUrl>
      <Point>
        <coordinates>48.22520263,39.55340586,0</coordinates>
      </Point>
    </Placemark>
    <Placemark>
      <name>ID_ID_TR_T4P501</name>
      <styleUrl>#style0</styleUrl>
      <Point>
        <coordinates>48.20642784,39.57622307,0</coordinates>
      </Point>
    </Placemark>
    <Placemark>
      <name>ID_ID_TR_NOUHTC</name>
      <styleUrl>#style0</styleUrl>
      <Point>
        <coordinates>48.24074348,39.57775021,0</coordinates>
      </Point>
    </Placemark>
    <Placemark>
      <name>ID_ID_TR_S1K9YE</name>
      <styleUrl>#style0</styleUrl>
      <Point>
        <coordinates>48.54356557,39.88569269,0</coordinates>
      </Point>
    </Placemark>
    <Placemark>
      <name>ID_ID_TR_9O2M71</name>
      <styleUrl>#style0</styleUrl>
      <Point>
        <coordinates>48.60213572,39.90222169,0</coordinates>
      </Point>
    </Placemark>
    <Placemark>
      <name>ID_ID_TR_HSSBEL</name>
      <styleUrl>#style0</styleUrl>
      <Point>
        <coordinates>48.56350816,39.90985737,0</coordinates>
      </Point>
    </Placemark>
    <Placemark>
      <name>ID_ID_TR_RQVSLW</name>
      <styleUrl>#style0</styleUrl>
      <Point>
        <coordinates>48.5767134,39.92252361,0</coordinates>
      </Point>
    </Placemark>
    <Placemark>
      <name>ID_ID_TR_F90KM3</name>
      <styleUrl>#style0</styleUrl>
      <Point>
        <coordinates>48.5949492,39.96393595,0</coordinates>
      </Point>
    </Placemark>
    <Placemark>
      <name>ID_ID_TR_TZK3NY</name>
      <styleUrl>#style0</styleUrl>
      <Point>
        <coordinates>48.56126238,39.96573258,0</coordinates>
      </Point>
    </Placemark>
    <Placemark>
      <name>ID_ID_TR_9V20YA</name>
      <styleUrl>#style0</styleUrl>
      <Point>
        <coordinates>48.10752333,39.50795111,0</coordinates>
      </Point>
    </Placemark>
    <Placemark>
      <name>ID_ID_TR_R821UZ</name>
      <styleUrl>#style0</styleUrl>
      <Point>
        <coordinates>48.14327627,39.51486814,0</coordinates>
      </Point>
    </Placemark>
    <Placemark>
      <name>ID_ID_TR_VGWW4F</name>
      <styleUrl>#style0</styleUrl>
      <Point>
        <coordinates>48.12090822,39.5252886,0</coordinates>
      </Point>
    </Placemark>
    <Placemark>
      <name>ID_ID_TR_YB8DAL</name>
      <styleUrl>#style0</styleUrl>
      <Point>
        <coordinates>48.08865871,39.52861236,0</coordinates>
      </Point>
    </Placemark>
    <Placemark>
      <name>ID_ID_TR_FYO175</name>
      <styleUrl>#style0</styleUrl>
      <Point>
        <coordinates>48.15540353,39.53175647,0</coordinates>
      </Point>
    </Placemark>
    <Placemark>
      <name>ID_ID_TR_0CEHLX</name>
      <styleUrl>#style0</styleUrl>
      <Point>
        <coordinates>48.10132495,39.54289558,0</coordinates>
      </Point>
    </Placemark>
    <Placemark>
      <name>ID_ID_TR_SLG6MM</name>
      <styleUrl>#style0</styleUrl>
      <Point>
        <coordinates>48.15558319,39.54550069,0</coordinates>
      </Point>
    </Placemark>
    <Placemark>
      <name>ID_ID_TR_1ZXYVG</name>
      <styleUrl>#style0</styleUrl>
      <Point>
        <coordinates>48.12522014,39.55556182,0</coordinates>
      </Point>
    </Placemark>
    <Placemark>
      <name>ID_ID_TR_IUI9KK</name>
      <styleUrl>#style0</styleUrl>
      <Point>
        <coordinates>48.08928753,39.56750941,0</coordinates>
      </Point>
    </Placemark>
    <Placemark>
      <name>ID_ID_TR_HZLM72</name>
      <styleUrl>#style0</styleUrl>
      <Point>
        <coordinates>48.14507291,39.57819937,0</coordinates>
      </Point>
    </Placemark>
    <Placemark>
      <name>ID_ID_TR_JEYN93</name>
      <styleUrl>#style0</styleUrl>
      <Point>
        <coordinates>48.1057267,39.58493673,0</coordinates>
      </Point>
    </Placemark>
    <Placemark>
      <name>ID_ID_TR_82KKZM</name>
      <styleUrl>#style0</styleUrl>
      <Point>
        <coordinates>48.0755433,39.59616567,0</coordinates>
      </Point>
    </Placemark>
    <Placemark>
      <name>ID_ID_TR_PJRHT7</name>
      <styleUrl>#style0</styleUrl>
      <Point>
        <coordinates>48.10132495,39.59895045,0</coordinates>
      </Point>
    </Placemark>
    <Placemark>
      <name>ID_ID_TR_ZEWVIY</name>
      <styleUrl>#style0</styleUrl>
      <Point>
        <coordinates>48.12692694,39.59904028,0</coordinates>
      </Point>
    </Placemark>
    <Placemark>
      <name>ID_ID_TR_TWBOZD</name>
      <styleUrl>#style0</styleUrl>
      <Point>
        <coordinates>48.88097279,39.72579257,0</coordinates>
      </Point>
    </Placemark>
    <Placemark>
      <name>ID_ID_TR_1AT7O7</name>
      <styleUrl>#style0</styleUrl>
      <Point>
        <coordinates>48.82473825,39.74932843,0</coordinates>
      </Point>
    </Placemark>
    <Placemark>
      <name>ID_ID_TR_5RH8LX</name>
      <styleUrl>#style0</styleUrl>
      <Point>
        <coordinates>48.85734709,39.76280316,0</coordinates>
      </Point>
    </Placemark>
    <Placemark>
      <name>ID_ID_TR_6DUT07</name>
      <styleUrl>#style0</styleUrl>
      <Point>
        <coordinates>48.81099403,39.76513878,0</coordinates>
      </Point>
    </Placemark>
    <Placemark>
      <name>ID_ID_TR_6G5G79</name>
      <styleUrl>#style0</styleUrl>
      <Point>
        <coordinates>48.86444378,39.77502025,0</coordinates>
      </Point>
    </Placemark>
    <Placemark>
      <name>ID_ID_TR_OR7875</name>
      <styleUrl>#style0</styleUrl>
      <Point>
        <coordinates>48.84629782,39.77537957,0</coordinates>
      </Point>
    </Placemark>
    <Placemark>
      <name>ID_ID_TR_AUD9K9</name>
      <styleUrl>#style0</styleUrl>
      <Point>
        <coordinates>48.828601,39.77996098,0</coordinates>
      </Point>
    </Placemark>
    <Placemark>
      <name>ID_ID_TR_TR74QG</name>
      <styleUrl>#style0</styleUrl>
      <Point>
        <coordinates>48.80767026,39.33861868,0</coordinates>
      </Point>
    </Placemark>
    <Placemark>
      <name>ID_ID_TR_EFQJG0</name>
      <styleUrl>#style0</styleUrl>
      <Point>
        <coordinates>48.84953175,39.33861868,0</coordinates>
      </Point>
    </Placemark>
    <Placemark>
      <name>ID_ID_TR_2U1G46</name>
      <styleUrl>#style0</styleUrl>
      <Point>
        <coordinates>48.89256105,39.38937349,0</coordinates>
      </Point>
    </Placemark>
    <Placemark>
      <name>ID_ID_TR_3SDYGF</name>
      <styleUrl>#style0</styleUrl>
      <Point>
        <coordinates>48.82527724,39.61422181,0</coordinates>
      </Point>
    </Placemark>
    <Placemark>
      <name>ID_ID_TR_LIJI18</name>
      <styleUrl>#style0</styleUrl>
      <Point>
        <coordinates>48.86615058,39.61889305,0</coordinates>
      </Point>
    </Placemark>
    <Placemark>
      <name>ID_ID_TR_K0AXYC</name>
      <styleUrl>#style0</styleUrl>
      <Point>
        <coordinates>48.88717116,39.61925238,0</coordinates>
      </Point>
    </Placemark>
    <Placemark>
      <name>ID_ID_TR_ELOS6Z</name>
      <styleUrl>#style0</styleUrl>
      <Point>
        <coordinates>48.88932712,39.62059985,0</coordinates>
      </Point>
    </Placemark>
    <Placemark>
      <name>ID_ID_TR_LE6KWH</name>
      <styleUrl>#style0</styleUrl>
      <Point>
        <coordinates>48.87028283,39.6230253,0</coordinates>
      </Point>
    </Placemark>
    <Placemark>
      <name>ID_ID_TR_EF0VOT</name>
      <styleUrl>#style0</styleUrl>
      <Point>
        <coordinates>48.85438265,39.62688805,0</coordinates>
      </Point>
    </Placemark>
    <Placemark>
      <name>ID_ID_TR_QTXHI1</name>
      <styleUrl>#style0</styleUrl>
      <Point>
        <coordinates>48.82168398,39.63146946,0</coordinates>
      </Point>
    </Placemark>
    <Placemark>
      <name>ID_ID_TR_5CQZCU</name>
      <styleUrl>#style0</styleUrl>
      <Point>
        <coordinates>48.87791851,39.63326609,0</coordinates>
      </Point>
    </Placemark>
    <Placemark>
      <name>ID_ID_TR_CTSUFL</name>
      <styleUrl>#style0</styleUrl>
      <Point>
        <coordinates>48.88573386,39.63524239,0</coordinates>
      </Point>
    </Placemark>
    <Placemark>
      <name>ID_ID_TR_SEHUDS</name>
      <styleUrl>#style0</styleUrl>
      <Point>
        <coordinates>48.86444378,39.68150562,0</coordinates>
      </Point>
    </Placemark>
    <Placemark>
      <name>ID_ID_TR_3QSQCQ</name>
      <styleUrl>#style0</styleUrl>
      <Point>
        <coordinates>48.76311382,39.98360905,0</coordinates>
      </Point>
    </Placemark>
    <Placemark>
      <name>ID_ID_TR_30O30U</name>
      <styleUrl>#style0</styleUrl>
      <Point>
        <coordinates>48.71640143,39.99438884,0</coordinates>
      </Point>
    </Placemark>
    <Placemark>
      <name>ID_ID_TR_BMC97C</name>
      <styleUrl>#style0</styleUrl>
      <Point>
        <coordinates>48.7892548,40.00543812,0</coordinates>
      </Point>
    </Placemark>
    <Placemark>
      <name>ID_ID_TR_7BO119</name>
      <styleUrl>#style0</styleUrl>
      <Point>
        <coordinates>48.73499655,40.0128043,0</coordinates>
      </Point>
    </Placemark>
    <Placemark>
      <name>ID_ID_TR_XP9N56</name>
      <styleUrl>#style0</styleUrl>
      <Point>
        <coordinates>48.75601713,40.05718108,0</coordinates>
      </Point>
    </Placemark>
    <Placemark>
      <name>ID_ID_TR_NYXTXM</name>
      <styleUrl>#style0</styleUrl>
      <Point>
        <coordinates>48.70759794,39.69686682,0</coordinates>
      </Point>
    </Placemark>
    <Placemark>
      <name>ID_ID_TR_GTT0IA</name>
      <styleUrl>#style0</styleUrl>
      <Point>
        <coordinates>48.63959547,39.71016188,0</coordinates>
      </Point>
    </Placemark>
    <Placemark>
      <name>ID_ID_TR_AKYTT3</name>
      <styleUrl>#style0</styleUrl>
      <Point>
        <coordinates>48.68487056,39.71330599,0</coordinates>
      </Point>
    </Placemark>
    <Placemark>
      <name>ID_ID_TR_IMJ70E</name>
      <styleUrl>#style0</styleUrl>
      <Point>
        <coordinates>48.6265699,39.73603336,0</coordinates>
      </Point>
    </Placemark>
    <Placemark>
      <name>ID_ID_TR_3P15AH</name>
      <styleUrl>#style0</styleUrl>
      <Point>
        <coordinates>48.70014192,39.7506759,0</coordinates>
      </Point>
    </Placemark>
    <Placemark>
      <name>ID_ID_TR_DBVZB0</name>
      <styleUrl>#style0</styleUrl>
      <Point>
        <coordinates>48.74945943,39.88461471,0</coordinates>
      </Point>
    </Placemark>
    <Placemark>
      <name>ID_ID_TR_OIH5CS</name>
      <styleUrl>#style0</styleUrl>
      <Point>
        <coordinates>48.71478446,39.88775881,0</coordinates>
      </Point>
    </Placemark>
    <Placemark>
      <name>ID_ID_TR_K30LVY</name>
      <styleUrl>#style0</styleUrl>
      <Point>
        <coordinates>48.71137086,39.89934708,0</coordinates>
      </Point>
    </Placemark>
    <Placemark>
      <name>ID_ID_TR_LKFXHK</name>
      <styleUrl>#style0</styleUrl>
      <Point>
        <coordinates>48.7724563,39.90859973,0</coordinates>
      </Point>
    </Placemark>
    <Placemark>
      <name>ID_ID_TR_C856WP</name>
      <styleUrl>#style0</styleUrl>
      <Point>
        <coordinates>48.76212567,39.91964901,0</coordinates>
      </Point>
    </Placemark>
    <Placemark>
      <name>ID_ID_TR_R97Y2L</name>
      <styleUrl>#style0</styleUrl>
      <Point>
        <coordinates>48.72098283,39.92809317,0</coordinates>
      </Point>
    </Placemark>
    <Placemark>
      <name>ID_ID_TR_OFN1R4</name>
      <styleUrl>#style0</styleUrl>
      <Point>
        <coordinates>48.79536334,39.95019173,0</coordinates>
      </Point>
    </Placemark>
    <Placemark>
      <name>ID_ID_TR_KZ36U8</name>
      <styleUrl>#style0</styleUrl>
      <Point>
        <coordinates>48.72053368,39.95360532,0</coordinates>
      </Point>
    </Placemark>
    <Placemark>
      <name>ID_ID_TR_UEIHX7</name>
      <styleUrl>#style0</styleUrl>
      <Point>
        <coordinates>48.720893,39.9615105,0</coordinates>
      </Point>
    </Placemark>
    <Placemark>
      <name>ID_ID_TR_4D0GJY</name>
      <styleUrl>#style0</styleUrl>
      <Point>
        <coordinates>48.75970022,39.96366645,0</coordinates>
      </Point>
    </Placemark>
    <Placemark>
      <name>ID_ID_TR_V5G10U</name>
      <styleUrl>#style0</styleUrl>
      <Point>
        <coordinates>48.74335088,39.1899475,0</coordinates>
      </Point>
    </Placemark>
    <Placemark>
      <name>ID_ID_TR_R5L8A7</name>
      <styleUrl>#style0</styleUrl>
      <Point>
        <coordinates>48.78521238,39.15697933,0</coordinates>
      </Point>
    </Placemark>
    <Placemark>
      <name>ID_ID_TR_8E9RIV</name>
      <styleUrl>#style0</styleUrl>
      <Point>
        <coordinates>49.02982363,39.18707289,0</coordinates>
      </Point>
    </Placemark>
    <Placemark>
      <name>ID_ID_TR_H6T1NT</name>
      <styleUrl>#style0</styleUrl>
      <Point>
        <coordinates>48.99191472,39.06535117,0</coordinates>
      </Point>
    </Placemark>
    <Placemark>
      <name>ID_ID_TR_MJSRD9</name>
      <styleUrl>#style0</styleUrl>
      <Point>
        <coordinates>48.90675443,39.05681718,0</coordinates>
      </Point>
    </Placemark>
    <Placemark>
      <name>ID_ID_TR_Q46NOU</name>
      <styleUrl>#style0</styleUrl>
      <Point>
        <coordinates>48.74460853,39.45944209,0</coordinates>
      </Point>
    </Placemark>
    <Placemark>
      <name>ID_ID_TR_HFJ7UP</name>
      <styleUrl>#style0</styleUrl>
      <Point>
        <coordinates>48.73472706,39.45962175,0</coordinates>
      </Point>
    </Placemark>
    <Placemark>
      <name>ID_ID_TR_FLN4RX</name>
      <styleUrl>#style0</styleUrl>
      <Point>
        <coordinates>48.73652369,39.46150821,0</coordinates>
      </Point>
    </Placemark>
    <Placemark>
      <name>ID_ID_TR_YJ38XR</name>
      <styleUrl>#style0</styleUrl>
      <Point>
        <coordinates>48.745956,39.46150821,0</coordinates>
      </Point>
    </Placemark>
    <Placemark>
      <name>ID_ID_TR_G2GZR7</name>
      <styleUrl>#style0</styleUrl>
      <Point>
        <coordinates>48.74191358,39.46249636,0</coordinates>
      </Point>
    </Placemark>
    <Placemark>
      <name>ID_ID_TR_TXCB48</name>
      <styleUrl>#style0</styleUrl>
      <Point>
        <coordinates>48.74487802,39.46510147,0</coordinates>
      </Point>
    </Placemark>
    <Placemark>
      <name>ID_ID_TR_Y1O4IZ</name>
      <styleUrl>#style0</styleUrl>
      <Point>
        <coordinates>48.73796099,39.46528114,0</coordinates>
      </Point>
    </Placemark>
    <Placemark>
      <name>ID_ID_TR_ASNWYW</name>
      <styleUrl>#style0</styleUrl>
      <Point>
        <coordinates>48.74047628,39.47049136,0</coordinates>
      </Point>
    </Placemark>
    <Placemark>
      <name>ID_ID_TR_RRATAT</name>
      <styleUrl>#style0</styleUrl>
      <Point>
        <coordinates>48.73706268,39.4720185,0</coordinates>
      </Point>
    </Placemark>
    <Placemark>
      <name>ID_ID_TR_J9A3Y3</name>
      <styleUrl>#style0</styleUrl>
      <Point>
        <coordinates>48.74011695,39.47318631,0</coordinates>
      </Point>
    </Placemark>
    <Placemark>
      <name>ID_ID_TR_6DDFGS</name>
      <styleUrl>#style0</styleUrl>
      <Point>
        <coordinates>48.73849998,39.4751626,0</coordinates>
      </Point>
    </Placemark>
    <Placemark>
      <name>ID_ID_TR_3JONOU</name>
      <styleUrl>#style0</styleUrl>
      <Point>
        <coordinates>48.73391857,39.47740839,0</coordinates>
      </Point>
    </Placemark>
    <Placemark>
      <name>ID_ID_TR_9IY4X4</name>
      <styleUrl>#style0</styleUrl>
      <Point>
        <coordinates>48.56485564,40.10371381,0</coordinates>
      </Point>
    </Placemark>
    <Placemark>
      <name>ID_ID_TR_1DNTCA</name>
      <styleUrl>#style0</styleUrl>
      <Point>
        <coordinates>48.96658223,39.9695055,0</coordinates>
      </Point>
    </Placemark>
    <Placemark>
      <name>ID_ID_TR_GRP2U4</name>
      <styleUrl>#style0</styleUrl>
      <Point>
        <coordinates>48.73472706,39.41991621,0</coordinates>
      </Point>
    </Placemark>
    <Placemark>
      <name>ID_ID_TR_DTBH55</name>
      <styleUrl>#style0</styleUrl>
      <Point>
        <coordinates>48.73517622,39.42180268,0</coordinates>
      </Point>
    </Placemark>
    <Placemark>
      <name>ID_ID_TR_RBC76U</name>
      <styleUrl>#style0</styleUrl>
      <Point>
        <coordinates>48.73921863,39.42395863,0</coordinates>
      </Point>
    </Placemark>
    <Placemark>
      <name>ID_ID_TR_B7L8V1</name>
      <styleUrl>#style0</styleUrl>
      <Point>
        <coordinates>48.73391857,39.42800105,0</coordinates>
      </Point>
    </Placemark>
    <Placemark>
      <name>ID_ID_TR_ZOCFI4</name>
      <styleUrl>#style0</styleUrl>
      <Point>
        <coordinates>48.73562537,39.43114515,0</coordinates>
      </Point>
    </Placemark>
    <Placemark>
      <name>ID_ID_TR_O6L1F9</name>
      <styleUrl>#style0</styleUrl>
      <Point>
        <coordinates>48.74029661,39.43204347,0</coordinates>
      </Point>
    </Placemark>
    <Placemark>
      <name>ID_ID_TR_0S9BP4</name>
      <styleUrl>#style0</styleUrl>
      <Point>
        <coordinates>48.74667465,39.43617572,0</coordinates>
      </Point>
    </Placemark>
    <Placemark>
      <name>ID_ID_TR_M18O1B</name>
      <styleUrl>#style0</styleUrl>
      <Point>
        <coordinates>48.73867964,39.43680454,0</coordinates>
      </Point>
    </Placemark>
    <Placemark>
      <name>ID_ID_TR_J9RM7P</name>
      <styleUrl>#style0</styleUrl>
      <Point>
        <coordinates>48.73841015,39.43824185,0</coordinates>
      </Point>
    </Placemark>
    <Placemark>
      <name>ID_ID_TR_YXDW2Z</name>
      <styleUrl>#style0</styleUrl>
      <Point>
        <coordinates>48.74541701,39.43985881,0</coordinates>
      </Point>
    </Placemark>
    <Placemark>
      <name>ID_ID_TR_CFZW0L</name>
      <styleUrl>#style0</styleUrl>
      <Point>
        <coordinates>48.74604583,39.44111645,0</coordinates>
      </Point>
    </Placemark>
    <Placemark>
      <name>ID_ID_TR_DALMJE</name>
      <styleUrl>#style0</styleUrl>
      <Point>
        <coordinates>48.73688301,39.44569786,0</coordinates>
      </Point>
    </Placemark>
    <Placemark>
      <name>ID_ID_TR_GQTOAM</name>
      <styleUrl>#style0</styleUrl>
      <Point>
        <coordinates>48.48248013,40.03822662,0</coordinates>
      </Point>
    </Placemark>
    <Placemark>
      <name>ID_ID_TR_DVLNKN</name>
      <styleUrl>#style0</styleUrl>
      <Point>
        <coordinates>48.49613452,40.05340815,0</coordinates>
      </Point>
    </Placemark>
    <Placemark>
      <name>ID_ID_TR_D669UG</name>
      <styleUrl>#style0</styleUrl>
      <Point>
        <coordinates>48.51338217,40.05861838,0</coordinates>
      </Point>
    </Placemark>
    <Placemark>
      <name>ID_ID_TR_NEKRCP</name>
      <styleUrl>#style0</styleUrl>
      <Point>
        <coordinates>48.78718867,40.01738571,0</coordinates>
      </Point>
    </Placemark>
    <Placemark>
      <name>ID_ID_TR_PRCJIW</name>
      <styleUrl>#style0</styleUrl>
      <Point>
        <coordinates>48.76176635,40.02151796,0</coordinates>
      </Point>
    </Placemark>
    <Placemark>
      <name>ID_ID_TR_VHDK8L</name>
      <styleUrl>#style0</styleUrl>
      <Point>
        <coordinates>48.73948813,40.02322476,0</coordinates>
      </Point>
    </Placemark>
    <Placemark>
      <name>ID_ID_TR_W2LM34</name>
      <styleUrl>#style0</styleUrl>
      <Point>
        <coordinates>48.8405486,39.98091411,0</coordinates>
      </Point>
    </Placemark>
    <Placemark>
      <name>ID_ID_TR_9EL8HL</name>
      <styleUrl>#style0</styleUrl>
      <Point>
        <coordinates>48.83605702,39.99304136,0</coordinates>
      </Point>
    </Placemark>
    <Placemark>
      <name>ID_ID_TR_88KZRU</name>
      <styleUrl>#style0</styleUrl>
      <Point>
        <coordinates>48.83039764,40.00076688,0</coordinates>
      </Point>
    </Placemark>
    <Placemark>
      <name>ID_ID_TR_IN3OEU</name>
      <styleUrl>#style0</styleUrl>
      <Point>
        <coordinates>48.28835419,40.00202452,0</coordinates>
      </Point>
    </Placemark>
    <Placemark>
      <name>ID_ID_TR_VTYT8Q</name>
      <styleUrl>#style0</styleUrl>
      <Point>
        <coordinates>48.29302543,40.00444997,0</coordinates>
      </Point>
    </Placemark>
    <Placemark>
      <name>ID_ID_TR_ZPKY32</name>
      <styleUrl>#style0</styleUrl>
      <Point>
        <coordinates>48.28377278,40.00489913,0</coordinates>
      </Point>
    </Placemark>
    <Placemark>
      <name>ID_ID_TR_ORWIXZ</name>
      <styleUrl>#style0</styleUrl>
      <Point>
        <coordinates>48.28170666,40.00696525,0</coordinates>
      </Point>
    </Placemark>
    <Placemark>
      <name>ID_ID_TR_2C9ROS</name>
      <styleUrl>#style0</styleUrl>
      <Point>
        <coordinates>48.29383392,40.00849239,0</coordinates>
      </Point>
    </Placemark>
    <Placemark>
      <name>ID_ID_TR_7YT2M6</name>
      <styleUrl>#style0</styleUrl>
      <Point>
        <coordinates>48.27649643,40.0093907,0</coordinates>
      </Point>
    </Placemark>
    <Placemark>
      <name>ID_ID_TR_TWD1XM</name>
      <styleUrl>#style0</styleUrl>
      <Point>
        <coordinates>48.72412694,39.12607728,0</coordinates>
      </Point>
    </Placemark>
    <Placemark>
      <name>ID_ID_TR_XB9YO1</name>
      <styleUrl>#style0</styleUrl>
      <Point>
        <coordinates>48.68837399,39.16443535,0</coordinates>
      </Point>
    </Placemark>
    <Placemark>
      <name>ID_ID_TR_8PAJSS</name>
      <styleUrl>#style0</styleUrl>
      <Point>
        <coordinates>48.44717634,40.01900268,0</coordinates>
      </Point>
    </Placemark>
    <Placemark>
      <name>ID_ID_TR_UUQO1V</name>
      <styleUrl>#style0</styleUrl>
      <Point>
        <coordinates>48.41106406,40.03023162,0</coordinates>
      </Point>
    </Placemark>
    <Placemark>
      <name>ID_ID_TR_SMADO8</name>
      <styleUrl>#style0</styleUrl>
      <Point>
        <coordinates>48.37791623,40.03175875,0</coordinates>
      </Point>
    </Placemark>
    <Placemark>
      <name>ID_ID_TR_E7FLQH</name>
      <styleUrl>#style0</styleUrl>
      <Point>
        <coordinates>48.38833668,40.03238757,0</coordinates>
      </Point>
    </Placemark>
    <Placemark>
      <name>ID_ID_TR_RRPZLK</name>
      <styleUrl>#style0</styleUrl>
      <Point>
        <coordinates>48.99101641,39.18788138,0</coordinates>
      </Point>
    </Placemark>
    <Placemark>
      <name>ID_ID_TR_3E4XYF</name>
      <styleUrl>#style0</styleUrl>
      <Point>
        <coordinates>48.99398085,39.20387139,0</coordinates>
      </Point>
    </Placemark>
    <Placemark>
      <name>ID_ID_TR_9IGFU8</name>
      <styleUrl>#style0</styleUrl>
      <Point>
        <coordinates>48.95346683,39.21285454,0</coordinates>
      </Point>
    </Placemark>
    <Placemark>
      <name>ID_ID_TR_IOGXPB</name>
      <styleUrl>#style0</styleUrl>
      <Point>
        <coordinates>49.0015267,39.23306663,0</coordinates>
      </Point>
    </Placemark>
    <Placemark>
      <name>ID_ID_TR_WHVNZH</name>
      <styleUrl>#style0</styleUrl>
      <Point>
        <coordinates>49.16726587,39.82604455,0</coordinates>
      </Point>
    </Placemark>
    <Placemark>
      <name>ID_ID_TR_13CD5G</name>
      <styleUrl>#style0</styleUrl>
      <Point>
        <coordinates>48.66672459,39.30654882,0</coordinates>
      </Point>
    </Placemark>
    <Placemark>
      <name>ID_ID_TR_LQJ5SX</name>
      <styleUrl>#style0</styleUrl>
      <Point>
        <coordinates>48.66313133,39.31454383,0</coordinates>
      </Point>
    </Placemark>
    <Placemark>
      <name>ID_ID_TR_VWVM4W</name>
      <styleUrl>#style0</styleUrl>
      <Point>
        <coordinates>48.66690425,39.32676092,0</coordinates>
      </Point>
    </Placemark>
    <Placemark>
      <name>ID_ID_TR_3ZKWDE</name>
      <styleUrl>#style0</styleUrl>
      <Point>
        <coordinates>48.67570774,39.33457626,0</coordinates>
      </Point>
    </Placemark>
    <Placemark>
      <name>ID_ID_TR_EKGYSP</name>
      <styleUrl>#style0</styleUrl>
      <Point>
        <coordinates>48.6613347,39.3509256,0</coordinates>
      </Point>
    </Placemark>
    <Placemark>
      <name>ID_ID_TR_ENGWYX</name>
      <styleUrl>#style0</styleUrl>
      <Point>
        <coordinates>48.73131346,39.46258619,0</coordinates>
      </Point>
    </Placemark>
    <Placemark>
      <name>ID_ID_TR_9TRFLQ</name>
      <styleUrl>#style0</styleUrl>
      <Point>
        <coordinates>48.66331099,39.46357434,0</coordinates>
      </Point>
    </Placemark>
    <Placemark>
      <name>ID_ID_TR_BMAE38</name>
      <styleUrl>#style0</styleUrl>
      <Point>
        <coordinates>48.73077447,39.46590996,0</coordinates>
      </Point>
    </Placemark>
    <Placemark>
      <name>ID_ID_TR_SRYO4R</name>
      <styleUrl>#style0</styleUrl>
      <Point>
        <coordinates>48.72843885,39.4688744,0</coordinates>
      </Point>
    </Placemark>
    <Placemark>
      <name>ID_ID_TR_CB1KJT</name>
      <styleUrl>#style0</styleUrl>
      <Point>
        <coordinates>48.67570774,39.4703117,0</coordinates>
      </Point>
    </Placemark>
    <Placemark>
      <name>ID_ID_TR_GQ01TE</name>
      <styleUrl>#style0</styleUrl>
      <Point>
        <coordinates>48.68001966,39.47183884,0</coordinates>
      </Point>
    </Placemark>
    <Placemark>
      <name>ID_ID_TR_E13N3B</name>
      <styleUrl>#style0</styleUrl>
      <Point>
        <coordinates>48.73014565,39.47327614,0</coordinates>
      </Point>
    </Placemark>
    <Placemark>
      <name>ID_ID_TR_ZT9D31</name>
      <styleUrl>#style0</styleUrl>
      <Point>
        <coordinates>48.67058735,39.4734558,0</coordinates>
      </Point>
    </Placemark>
    <Placemark>
      <name>ID_ID_TR_K9QM3P</name>
      <styleUrl>#style0</styleUrl>
      <Point>
        <coordinates>48.68397224,39.47408463,0</coordinates>
      </Point>
    </Placemark>
    <Placemark>
      <name>ID_ID_TR_91I3VM</name>
      <styleUrl>#style0</styleUrl>
      <Point>
        <coordinates>48.65720245,39.47992367,0</coordinates>
      </Point>
    </Placemark>
    <Placemark>
      <name>ID_ID_TR_ZWFFHH</name>
      <styleUrl>#style0</styleUrl>
      <Point>
        <coordinates>48.72798969,39.48001351,0</coordinates>
      </Point>
    </Placemark>
    <Placemark>
      <name>ID_ID_TR_CMKTLZ</name>
      <styleUrl>#style0</styleUrl>
      <Point>
        <coordinates>48.73059481,39.48100165,0</coordinates>
      </Point>
    </Placemark>
    <Placemark>
      <name>ID_ID_TR_KJ49YD</name>
      <styleUrl>#style0</styleUrl>
      <Point>
        <coordinates>48.71415564,39.48450508,0</coordinates>
      </Point>
    </Placemark>
    <Placemark>
      <name>ID_ID_TR_82795E</name>
      <styleUrl>#style0</styleUrl>
      <Point>
        <coordinates>48.71110137,39.48504407,0</coordinates>
      </Point>
    </Placemark>
    <Placemark>
      <name>ID_ID_TR_5IZ31Y</name>
      <styleUrl>#style0</styleUrl>
      <Point>
        <coordinates>48.68747567,39.48926615,0</coordinates>
      </Point>
    </Placemark>
    <Placemark>
      <name>ID_ID_TR_RUJOQW</name>
      <styleUrl>#style0</styleUrl>
      <Point>
        <coordinates>48.67597724,39.48962548,0</coordinates>
      </Point>
    </Placemark>
    <Placemark>
      <name>ID_ID_TR_5DSK7N</name>
      <styleUrl>#style0</styleUrl>
      <Point>
        <coordinates>48.66079571,39.49474588,0</coordinates>
      </Point>
    </Placemark>
    <Placemark>
      <name>ID_ID_TR_8LA100</name>
      <styleUrl>#style0</styleUrl>
      <Point>
        <coordinates>48.71316749,40.02502139,0</coordinates>
      </Point>
    </Placemark>
    <Placemark>
      <name>ID_ID_TR_QXMCTH</name>
      <styleUrl>#style0</styleUrl>
      <Point>
        <coordinates>48.70319619,40.03157909,0</coordinates>
      </Point>
    </Placemark>
    <Placemark>
      <name>ID_ID_TR_PHJ3MU</name>
      <styleUrl>#style0</styleUrl>
      <Point>
        <coordinates>48.67409078,40.07784233,0</coordinates>
      </Point>
    </Placemark>
    <Placemark>
      <name>ID_ID_TR_URMYBD</name>
      <styleUrl>#style0</styleUrl>
      <Point>
        <coordinates>48.64273957,40.08098643,0</coordinates>
      </Point>
    </Placemark>
    <Placemark>
      <name>ID_ID_TR_2QE4PA</name>
      <styleUrl>#style0</styleUrl>
      <Point>
        <coordinates>48.68558921,40.08134576,0</coordinates>
      </Point>
    </Placemark>
    <Placemark>
      <name>ID_ID_TR_8HYEXF</name>
      <styleUrl>#style0</styleUrl>
      <Point>
        <coordinates>48.08542477,40.05152169,0</coordinates>
      </Point>
    </Placemark>
    <Placemark>
      <name>ID_ID_TR_7JXJN6</name>
      <styleUrl>#style0</styleUrl>
      <Point>
        <coordinates>48.22592128,40.01100767,0</coordinates>
      </Point>
    </Placemark>
    <Placemark>
      <name>ID_ID_TR_FOKZIX</name>
      <styleUrl>#style0</styleUrl>
      <Point>
        <coordinates>48.18747339,40.01316363,0</coordinates>
      </Point>
    </Placemark>
    <Placemark>
      <name>ID_ID_TR_ZAREIY</name>
      <styleUrl>#style0</styleUrl>
      <Point>
        <coordinates>48.25924878,40.01576874,0</coordinates>
      </Point>
    </Placemark>
    <Placemark>
      <name>ID_ID_TR_AZ39PE</name>
      <styleUrl>#style0</styleUrl>
      <Point>
        <coordinates>48.19412092,40.01828402,0</coordinates>
      </Point>
    </Placemark>
    <Placemark>
      <name>ID_ID_TR_CN0DL5</name>
      <styleUrl>#style0</styleUrl>
      <Point>
        <coordinates>48.18567676,40.02115863,0</coordinates>
      </Point>
    </Placemark>
    <Placemark>
      <name>ID_ID_TR_E11E9F</name>
      <styleUrl>#style0</styleUrl>
      <Point>
        <coordinates>48.26993873,40.02241627,0</coordinates>
      </Point>
    </Placemark>
    <Placemark>
      <name>ID_ID_TR_TAXP0W</name>
      <styleUrl>#style0</styleUrl>
      <Point>
        <coordinates>48.2034634,40.0230451,0</coordinates>
      </Point>
    </Placemark>
    <Placemark>
      <name>ID_ID_TR_FOY4DD</name>
      <styleUrl>#style0</styleUrl>
      <Point>
        <coordinates>48.26427934,40.02556038,0</coordinates>
      </Point>
    </Placemark>
    <Placemark>
      <name>ID_ID_TR_1VN8LF</name>
      <styleUrl>#style0</styleUrl>
      <Point>
        <coordinates>48.2596081,40.02636886,0</coordinates>
      </Point>
    </Placemark>
    <Placemark>
      <name>ID_ID_TR_JDTVV2</name>
      <styleUrl>#style0</styleUrl>
      <Point>
        <coordinates>48.26823193,40.02816549,0</coordinates>
      </Point>
    </Placemark>
    <Placemark>
      <name>ID_ID_TR_Y4XKSS</name>
      <styleUrl>#style0</styleUrl>
      <Point>
        <coordinates>48.1852276,40.02951297,0</coordinates>
      </Point>
    </Placemark>
    <Placemark>
      <name>ID_ID_TR_0KB68R</name>
      <styleUrl>#style0</styleUrl>
      <Point>
        <coordinates>48.25188259,40.03032145,0</coordinates>
      </Point>
    </Placemark>
    <Placemark>
      <name>ID_ID_TR_ERVT99</name>
      <styleUrl>#style0</styleUrl>
      <Point>
        <coordinates>48.20777531,40.03139943,0</coordinates>
      </Point>
    </Placemark>
    <Placemark>
      <name>ID_ID_TR_7E4UNY</name>
      <styleUrl>#style0</styleUrl>
      <Point>
        <coordinates>48.21289571,40.03265707,0</coordinates>
      </Point>
    </Placemark>
    <Placemark>
      <name>ID_ID_TR_181ACJ</name>
      <styleUrl>#style0</styleUrl>
      <Point>
        <coordinates>48.23661123,40.03319606,0</coordinates>
      </Point>
    </Placemark>
    <Placemark>
      <name>ID_ID_TR_BC2SWS</name>
      <styleUrl>#style0</styleUrl>
      <Point>
        <coordinates>48.24343843,40.03319606,0</coordinates>
      </Point>
    </Placemark>
    <Placemark>
      <name>ID_ID_TR_OZCTWJ</name>
      <styleUrl>#style0</styleUrl>
      <Point>
        <coordinates>48.22906538,40.03373505,0</coordinates>
      </Point>
    </Placemark>
    <Placemark>
      <name>ID_ID_TR_LSH3TO</name>
      <styleUrl>#style0</styleUrl>
      <Point>
        <coordinates>48.2051702,40.03526218,0</coordinates>
      </Point>
    </Placemark>
    <Placemark>
      <name>ID_ID_TR_W4YCZ0</name>
      <styleUrl>#style0</styleUrl>
      <Point>
        <coordinates>48.23553325,40.03840629,0</coordinates>
      </Point>
    </Placemark>
    <Placemark>
      <name>ID_ID_TR_4CDPQV</name>
      <styleUrl>#style0</styleUrl>
      <Point>
        <coordinates>48.21154824,40.03921477,0</coordinates>
      </Point>
    </Placemark>
    <Placemark>
      <name>ID_ID_TR_L00EZZ</name>
      <styleUrl>#style0</styleUrl>
      <Point>
        <coordinates>48.22214836,40.03975376,0</coordinates>
      </Point>
    </Placemark>
    <Placemark>
      <name>ID_ID_TR_F8S2ZG</name>
      <styleUrl>#style0</styleUrl>
      <Point>
        <coordinates>48.26661496,40.04146056,0</coordinates>
      </Point>
    </Placemark>
    <Placemark>
      <name>ID_ID_TR_E2J51B</name>
      <styleUrl>#style0</styleUrl>
      <Point>
        <coordinates>48.20256508,40.04226904,0</coordinates>
      </Point>
    </Placemark>
    <Placemark>
      <name>ID_ID_TR_3JCZUC</name>
      <styleUrl>#style0</styleUrl>
      <Point>
        <coordinates>48.23984517,40.04262837,0</coordinates>
      </Point>
    </Placemark>
    <Placemark>
      <name>ID_ID_TR_QMRUNJ</name>
      <styleUrl>#style0</styleUrl>
      <Point>
        <coordinates>48.21945341,40.04424534,0</coordinates>
      </Point>
    </Placemark>
    <Placemark>
      <name>ID_ID_TR_DU0ISB</name>
      <styleUrl>#style0</styleUrl>
      <Point>
        <coordinates>48.2131652,40.04451483,0</coordinates>
      </Point>
    </Placemark>
    <Placemark>
      <name>ID_ID_TR_5IQNF7</name>
      <styleUrl>#style0</styleUrl>
      <Point>
        <coordinates>48.20939228,40.04694028,0</coordinates>
      </Point>
    </Placemark>
    <Placemark>
      <name>ID_ID_TR_4T60PL</name>
      <styleUrl>#style0</styleUrl>
      <Point>
        <coordinates>48.18639541,40.04891658,0</coordinates>
      </Point>
    </Placemark>
    <Placemark>
      <name>ID_ID_TR_OZJCNS</name>
      <styleUrl>#style0</styleUrl>
      <Point>
        <coordinates>48.2051702,40.05071321,0</coordinates>
      </Point>
    </Placemark>
    <Placemark>
      <name>ID_ID_TR_6G298C</name>
      <styleUrl>#style0</styleUrl>
      <Point>
        <coordinates>48.20984144,40.05188102,0</coordinates>
      </Point>
    </Placemark>
    <Placemark>
      <name>ID_ID_TR_QK4LTA</name>
      <styleUrl>#style0</styleUrl>
      <Point>
        <coordinates>48.18585642,40.05493529,0</coordinates>
      </Point>
    </Placemark>
    <Placemark>
      <name>ID_ID_TR_HUKWQV</name>
      <styleUrl>#style0</styleUrl>
      <Point>
        <coordinates>48.24766051,40.05601327,0</coordinates>
      </Point>
    </Placemark>
    <Placemark>
      <name>ID_ID_TR_R1H61I</name>
      <styleUrl>#style0</styleUrl>
      <Point>
        <coordinates>48.25951827,40.05825905,0</coordinates>
      </Point>
    </Placemark>
    <Placemark>
      <name>ID_ID_TR_AOIM45</name>
      <styleUrl>#style0</styleUrl>
      <Point>
        <coordinates>48.24379775,40.06158282,0</coordinates>
      </Point>
    </Placemark>
    <Placemark>
      <name>ID_ID_TR_8AX40D</name>
      <styleUrl>#style0</styleUrl>
      <Point>
        <coordinates>48.21289571,40.07101513,0</coordinates>
      </Point>
    </Placemark>
    <Placemark>
      <name>ID_ID_TR_TIRC9Z</name>
      <styleUrl>#style0</styleUrl>
      <Point>
        <coordinates>48.1969057,40.07245244,0</coordinates>
      </Point>
    </Placemark>
    <Placemark>
      <name>ID_ID_TR_D76SZN</name>
      <styleUrl>#style0</styleUrl>
      <Point>
        <coordinates>48.14381526,40.03391471,0</coordinates>
      </Point>
    </Placemark>
    <Placemark>
      <name>ID_ID_TR_9DDE3C</name>
      <styleUrl>#style0</styleUrl>
      <Point>
        <coordinates>48.11785395,40.03472319,0</coordinates>
      </Point>
    </Placemark>
    <Placemark>
      <name>ID_ID_TR_UP8IJL</name>
      <styleUrl>#style0</styleUrl>
      <Point>
        <coordinates>48.1684291,40.03508252,0</coordinates>
      </Point>
    </Placemark>
    <Placemark>
      <name>ID_ID_TR_2Z0LJC</name>
      <styleUrl>#style0</styleUrl>
      <Point>
        <coordinates>48.18064619,40.04622163,0</coordinates>
      </Point>
    </Placemark>
    <Placemark>
      <name>ID_ID_TR_H2VFFQ</name>
      <styleUrl>#style0</styleUrl>
      <Point>
        <coordinates>48.16330871,40.04649112,0</coordinates>
      </Point>
    </Placemark>
    <Placemark>
      <name>ID_ID_TR_OT8HLJ</name>
      <styleUrl>#style0</styleUrl>
      <Point>
        <coordinates>48.09943849,40.04981489,0</coordinates>
      </Point>
    </Placemark>
    <Placemark>
      <name>ID_ID_TR_EFY3ZB</name>
      <styleUrl>#style0</styleUrl>
      <Point>
        <coordinates>48.18100552,40.05367765,0</coordinates>
      </Point>
    </Placemark>
    <Placemark>
      <name>ID_ID_TR_4LDIMS</name>
      <styleUrl>#style0</styleUrl>
      <Point>
        <coordinates>48.13213717,40.05861838,0</coordinates>
      </Point>
    </Placemark>
    <Placemark>
      <name>ID_ID_TR_YJ9BOQ</name>
      <styleUrl>#style0</styleUrl>
      <Point>
        <coordinates>48.1669918,40.06517608,0</coordinates>
      </Point>
    </Placemark>
    <Placemark>
      <name>ID_ID_TR_0IQ2FA</name>
      <styleUrl>#style0</styleUrl>
      <Point>
        <coordinates>48.10078596,40.06598457,0</coordinates>
      </Point>
    </Placemark>
    <Placemark>
      <name>ID_ID_TR_39E3NW</name>
      <styleUrl>#style0</styleUrl>
      <Point>
        <coordinates>48.13043037,40.06679305,0</coordinates>
      </Point>
    </Placemark>
    <Placemark>
      <name>ID_ID_TR_XUJ3AC</name>
      <styleUrl>#style0</styleUrl>
      <Point>
        <coordinates>48.18154451,40.06841002,0</coordinates>
      </Point>
    </Placemark>
    <Placemark>
      <name>ID_ID_TR_6PE63L</name>
      <styleUrl>#style0</styleUrl>
      <Point>
        <coordinates>48.16564433,40.07424907,0</coordinates>
      </Point>
    </Placemark>
    <Placemark>
      <name>ID_ID_TR_BQGU3O</name>
      <styleUrl>#style0</styleUrl>
      <Point>
        <coordinates>48.14327627,40.07586603,0</coordinates>
      </Point>
    </Placemark>
    <Placemark>
      <name>ID_ID_TR_BYGHGK</name>
      <styleUrl>#style0</styleUrl>
      <Point>
        <coordinates>48.13285582,40.07685418,0</coordinates>
      </Point>
    </Placemark>
    <Placemark>
      <name>ID_ID_TR_5BWIKO</name>
      <styleUrl>#style0</styleUrl>
      <Point>
        <coordinates>48.11560816,40.07883047,0</coordinates>
      </Point>
    </Placemark>
    <Placemark>
      <name>ID_ID_TR_TCKEH5</name>
      <styleUrl>#style0</styleUrl>
      <Point>
        <coordinates>48.14570173,40.0791898,0</coordinates>
      </Point>
    </Placemark>
    <Placemark>
      <name>ID_ID_TR_SW2292</name>
      <styleUrl>#style0</styleUrl>
      <Point>
        <coordinates>48.11021827,40.09338318,0</coordinates>
      </Point>
    </Placemark>
    <Placemark>
      <name>ID_ID_TR_MTR6SN</name>
      <styleUrl>#style0</styleUrl>
      <Point>
        <coordinates>48.10006731,40.10200701,0</coordinates>
      </Point>
    </Placemark>
    <Placemark>
      <name>ID_ID_TR_GLH62C</name>
      <styleUrl>#style0</styleUrl>
      <Point>
        <coordinates>49.00835389,39.12077722,0</coordinates>
      </Point>
    </Placemark>
    <Placemark>
      <name>ID_ID_TR_9T199D</name>
      <styleUrl>#style0</styleUrl>
      <Point>
        <coordinates>48.92732585,39.16569299,0</coordinates>
      </Point>
    </Placemark>
    <Placemark>
      <name>ID_ID_TR_XJ37C9</name>
      <styleUrl>#style0</styleUrl>
      <Point>
        <coordinates>48.98778247,39.1682981,0</coordinates>
      </Point>
    </Placemark>
    <Placemark>
      <name>ID_ID_TR_H42M44</name>
      <styleUrl>#style0</styleUrl>
      <Point>
        <coordinates>48.67795353,39.37014955,0</coordinates>
      </Point>
    </Placemark>
    <Placemark>
      <name>ID_ID_TR_GV3Z6B</name>
      <styleUrl>#style0</styleUrl>
      <Point>
        <coordinates>48.68487056,39.37796489,0</coordinates>
      </Point>
    </Placemark>
    <Placemark>
      <name>ID_ID_TR_Z8UUG9</name>
      <styleUrl>#style0</styleUrl>
      <Point>
        <coordinates>48.68882315,39.37850388,0</coordinates>
      </Point>
    </Placemark>
    <Placemark>
      <name>ID_ID_TR_5RLRDI</name>
      <styleUrl>#style0</styleUrl>
      <Point>
        <coordinates>48.69663849,39.38003101,0</coordinates>
      </Point>
    </Placemark>
    <Placemark>
      <name>ID_ID_TR_HSA7HE</name>
      <styleUrl>#style0</styleUrl>
      <Point>
        <coordinates>48.68774517,39.38101916,0</coordinates>
      </Point>
    </Placemark>
    <Placemark>
      <name>ID_ID_TR_Z74LAV</name>
      <styleUrl>#style0</styleUrl>
      <Point>
        <coordinates>48.6978063,39.38461242,0</coordinates>
      </Point>
    </Placemark>
    <Placemark>
      <name>ID_ID_TR_71448N</name>
      <styleUrl>#style0</styleUrl>
      <Point>
        <coordinates>48.68945197,39.38533108,0</coordinates>
      </Point>
    </Placemark>
    <Placemark>
      <name>ID_ID_TR_7ODKEF</name>
      <styleUrl>#style0</styleUrl>
      <Point>
        <coordinates>48.68522989,39.38649888,0</coordinates>
      </Point>
    </Placemark>
    <Placemark>
      <name>ID_ID_TR_828XG8</name>
      <styleUrl>#style0</styleUrl>
      <Point>
        <coordinates>48.6992436,39.38847518,0</coordinates>
      </Point>
    </Placemark>
    <Placemark>
      <name>ID_ID_TR_Y72IVG</name>
      <styleUrl>#style0</styleUrl>
      <Point>
        <coordinates>48.68990112,39.38964299,0</coordinates>
      </Point>
    </Placemark>
    <Placemark>
      <name>ID_ID_TR_LYE088</name>
      <styleUrl>#style0</styleUrl>
      <Point>
        <coordinates>48.71523362,39.39278709,0</coordinates>
      </Point>
    </Placemark>
    <Placemark>
      <name>ID_ID_TR_O98BV7</name>
      <styleUrl>#style0</styleUrl>
      <Point>
        <coordinates>48.68819433,39.39521254,0</coordinates>
      </Point>
    </Placemark>
    <Placemark>
      <name>ID_ID_TR_8HU7F0</name>
      <styleUrl>#style0</styleUrl>
      <Point>
        <coordinates>48.71801839,39.39584136,0</coordinates>
      </Point>
    </Placemark>
    <Placemark>
      <name>ID_ID_TR_I9G5DZ</name>
      <styleUrl>#style0</styleUrl>
      <Point>
        <coordinates>48.69663849,39.39790749,0</coordinates>
      </Point>
    </Placemark>
    <Placemark>
      <name>ID_ID_TR_X5QJIC</name>
      <styleUrl>#style0</styleUrl>
      <Point>
        <coordinates>48.71101153,39.39826682,0</coordinates>
      </Point>
    </Placemark>
    <Placemark>
      <name>ID_ID_TR_JDAN08</name>
      <styleUrl>#style0</styleUrl>
      <Point>
        <coordinates>48.70705895,39.4007821,0</coordinates>
      </Point>
    </Placemark>
    <Placemark>
      <name>ID_ID_TR_5RNTDR</name>
      <styleUrl>#style0</styleUrl>
      <Point>
        <coordinates>48.71936587,39.40266856,0</coordinates>
      </Point>
    </Placemark>
    <Placemark>
      <name>ID_ID_TR_5XYFC4</name>
      <styleUrl>#style0</styleUrl>
      <Point>
        <coordinates>48.7146048,39.40347704,0</coordinates>
      </Point>
    </Placemark>
    <Placemark>
      <name>ID_ID_TR_KL8CGN</name>
      <styleUrl>#style0</styleUrl>
      <Point>
        <coordinates>48.71927603,39.405633,0</coordinates>
      </Point>
    </Placemark>
    <Placemark>
      <name>ID_ID_TR_0T6DVW</name>
      <styleUrl>#style0</styleUrl>
      <Point>
        <coordinates>48.67409078,39.40644148,0</coordinates>
      </Point>
    </Placemark>
    <Placemark>
      <name>ID_ID_TR_RB7F6F</name>
      <styleUrl>#style0</styleUrl>
      <Point>
        <coordinates>48.6960995,39.40751946,0</coordinates>
      </Point>
    </Placemark>
    <Placemark>
      <name>ID_ID_TR_DHGZZ0</name>
      <styleUrl>#style0</styleUrl>
      <Point>
        <coordinates>48.71810822,39.40787879,0</coordinates>
      </Point>
    </Placemark>
    <Placemark>
      <name>ID_ID_TR_JKIBU4</name>
      <styleUrl>#style0</styleUrl>
      <Point>
        <coordinates>48.72709138,39.41012458,0</coordinates>
      </Point>
    </Placemark>
    <Placemark>
      <name>ID_ID_TR_FMPKXV</name>
      <styleUrl>#style0</styleUrl>
      <Point>
        <coordinates>48.72403711,39.41102289,0</coordinates>
      </Point>
    </Placemark>
    <Placemark>
      <name>ID_ID_TR_HAGKC4</name>
      <styleUrl>#style0</styleUrl>
      <Point>
        <coordinates>48.72906767,39.41147205,0</coordinates>
      </Point>
    </Placemark>
    <Placemark>
      <name>ID_ID_TR_LORXDT</name>
      <styleUrl>#style0</styleUrl>
      <Point>
        <coordinates>48.71226918,39.41183138,0</coordinates>
      </Point>
    </Placemark>
    <Placemark>
      <name>ID_ID_TR_G5NQJQ</name>
      <styleUrl>#style0</styleUrl>
      <Point>
        <coordinates>48.72179132,39.41228053,0</coordinates>
      </Point>
    </Placemark>
    <Placemark>
      <name>ID_ID_TR_IJC1YD</name>
      <styleUrl>#style0</styleUrl>
      <Point>
        <coordinates>48.7257439,39.41255003,0</coordinates>
      </Point>
    </Placemark>
    <Placemark>
      <name>ID_ID_TR_MT8VT4</name>
      <styleUrl>#style0</styleUrl>
      <Point>
        <coordinates>48.68648753,39.41569413,0</coordinates>
      </Point>
    </Placemark>
    <Placemark>
      <name>ID_ID_TR_3PT5R5</name>
      <styleUrl>#style0</styleUrl>
      <Point>
        <coordinates>48.72951683,39.41614329,0</coordinates>
      </Point>
    </Placemark>
    <Placemark>
      <name>ID_ID_TR_RC6ZS6</name>
      <styleUrl>#style0</styleUrl>
      <Point>
        <coordinates>48.71244884,39.41937722,0</coordinates>
      </Point>
    </Placemark>
    <Placemark>
      <name>ID_ID_TR_2YWE1G</name>
      <styleUrl>#style0</styleUrl>
      <Point>
        <coordinates>48.70930474,39.41955689,0</coordinates>
      </Point>
    </Placemark>
    <Placemark>
      <name>ID_ID_TR_983EP9</name>
      <styleUrl>#style0</styleUrl>
      <Point>
        <coordinates>48.71954553,39.41982638,0</coordinates>
      </Point>
    </Placemark>
    <Placemark>
      <name>ID_ID_TR_P9W4J6</name>
      <styleUrl>#style0</styleUrl>
      <Point>
        <coordinates>48.72789986,39.42027554,0</coordinates>
      </Point>
    </Placemark>
    <Placemark>
      <name>ID_ID_TR_6CNOLJ</name>
      <styleUrl>#style0</styleUrl>
      <Point>
        <coordinates>48.71487429,39.42162301,0</coordinates>
      </Point>
    </Placemark>
    <Placemark>
      <name>ID_ID_TR_Q52WSP</name>
      <styleUrl>#style0</styleUrl>
      <Point>
        <coordinates>48.70975389,39.422162,0</coordinates>
      </Point>
    </Placemark>
    <Placemark>
      <name>ID_ID_TR_OFV177</name>
      <styleUrl>#style0</styleUrl>
      <Point>
        <coordinates>48.73337958,39.42575526,0</coordinates>
      </Point>
    </Placemark>
    <Placemark>
      <name>ID_ID_TR_UDKTMO</name>
      <styleUrl>#style0</styleUrl>
      <Point>
        <coordinates>48.71199968,39.42683324,0</coordinates>
      </Point>
    </Placemark>
    <Placemark>
      <name>ID_ID_TR_NRVBJF</name>
      <styleUrl>#style0</styleUrl>
      <Point>
        <coordinates>48.72080317,39.43348077,0</coordinates>
      </Point>
    </Placemark>
    <Placemark>
      <name>ID_ID_TR_VYB6LI</name>
      <styleUrl>#style0</styleUrl>
      <Point>
        <coordinates>48.69547068,39.43446892,0</coordinates>
      </Point>
    </Placemark>
    <Placemark>
      <name>ID_ID_TR_076A3K</name>
      <styleUrl>#style0</styleUrl>
      <Point>
        <coordinates>48.72529475,39.43500791,0</coordinates>
      </Point>
    </Placemark>
    <Placemark>
      <name>ID_ID_TR_KRZD5E</name>
      <styleUrl>#style0</styleUrl>
      <Point>
        <coordinates>48.73158295,39.43500791,0</coordinates>
      </Point>
    </Placemark>
    <Placemark>
      <name>ID_ID_TR_9P3JPX</name>
      <styleUrl>#style0</styleUrl>
      <Point>
        <coordinates>48.72125233,39.43734353,0</coordinates>
      </Point>
    </Placemark>
    <Placemark>
      <name>ID_ID_TR_GH3015</name>
      <styleUrl>#style0</styleUrl>
      <Point>
        <coordinates>48.72996599,39.438691,0</coordinates>
      </Point>
    </Placemark>
    <Placemark>
      <name>ID_ID_TR_3SFLSE</name>
      <styleUrl>#style0</styleUrl>
      <Point>
        <coordinates>48.7228693,39.43905033,0</coordinates>
      </Point>
    </Placemark>
    <Placemark>
      <name>ID_ID_TR_45BG34</name>
      <styleUrl>#style0</styleUrl>
      <Point>
        <coordinates>48.71253867,39.44129612,0</coordinates>
      </Point>
    </Placemark>
    <Placemark>
      <name>ID_ID_TR_IQ7ZJ3</name>
      <styleUrl>#style0</styleUrl>
      <Point>
        <coordinates>48.71873705,39.44453005,0</coordinates>
      </Point>
    </Placemark>
    <Placemark>
      <name>ID_ID_TR_SWEBNV</name>
      <styleUrl>#style0</styleUrl>
      <Point>
        <coordinates>48.71397597,39.44911146,0</coordinates>
      </Point>
    </Placemark>
    <Placemark>
      <name>ID_ID_TR_G5VMF6</name>
      <styleUrl>#style0</styleUrl>
      <Point>
        <coordinates>48.67669589,39.45027927,0</coordinates>
      </Point>
    </Placemark>
    <Placemark>
      <name>ID_ID_TR_0YKNFU</name>
      <styleUrl>#style0</styleUrl>
      <Point>
        <coordinates>48.72852868,39.45243523,0</coordinates>
      </Point>
    </Placemark>
    <Placemark>
      <name>ID_ID_TR_84XYJO</name>
      <styleUrl>#style0</styleUrl>
      <Point>
        <coordinates>48.73275076,39.45270472,0</coordinates>
      </Point>
    </Placemark>
    <Placemark>
      <name>ID_ID_TR_A21A6X</name>
      <styleUrl>#style0</styleUrl>
      <Point>
        <coordinates>48.67525859,39.45845394,0</coordinates>
      </Point>
    </Placemark>
    <Placemark>
      <name>ID_ID_TR_VAJ2K8</name>
      <styleUrl>#style0</styleUrl>
      <Point>
        <coordinates>48.59791364,40.08484919,0</coordinates>
      </Point>
    </Placemark>
    <Placemark>
      <name>ID_ID_TR_XPNMJQ</name>
      <styleUrl>#style0</styleUrl>
      <Point>
        <coordinates>48.55200973,40.08943059,0</coordinates>
      </Point>
    </Placemark>
    <Placemark>
      <name>ID_ID_TR_Y3ODSX</name>
      <styleUrl>#style0</styleUrl>
      <Point>
        <coordinates>48.57285064,40.09796459,0</coordinates>
      </Point>
    </Placemark>
    <Placemark>
      <name>ID_ID_TR_4NXVKD</name>
      <styleUrl>#style0</styleUrl>
      <Point>
        <coordinates>48.5533572,40.10200701,0</coordinates>
      </Point>
    </Placemark>
    <Placemark>
      <name>ID_ID_TR_C9X5JZ</name>
      <styleUrl>#style0</styleUrl>
      <Point>
        <coordinates>48.845669,39.12284335,0</coordinates>
      </Point>
    </Placemark>
    <Placemark>
      <name>ID_ID_TR_6KF162</name>
      <styleUrl>#style0</styleUrl>
      <Point>
        <coordinates>48.90334084,39.12284335,0</coordinates>
      </Point>
    </Placemark>
    <Placemark>
      <name>ID_ID_TR_2VXYZX</name>
      <styleUrl>#style0</styleUrl>
      <Point>
        <coordinates>48.86552176,39.15266742,0</coordinates>
      </Point>
    </Placemark>
    <Placemark>
      <name>ID_ID_TR_9JPNBZ</name>
      <styleUrl>#style0</styleUrl>
      <Point>
        <coordinates>48.87998464,39.17135237,0</coordinates>
      </Point>
    </Placemark>
    <Placemark>
      <name>ID_ID_TR_UG0IT2</name>
      <styleUrl>#style0</styleUrl>
      <Point>
        <coordinates>48.27371165,40.01055851,0</coordinates>
      </Point>
    </Placemark>
    <Placemark>
      <name>ID_ID_TR_6YS445</name>
      <styleUrl>#style0</styleUrl>
      <Point>
        <coordinates>48.27766424,40.01082801,0</coordinates>
      </Point>
    </Placemark>
    <Placemark>
      <name>ID_ID_TR_GDEJ31</name>
      <styleUrl>#style0</styleUrl>
      <Point>
        <coordinates>48.28179649,40.01217548,0</coordinates>
      </Point>
    </Placemark>
    <Placemark>
      <name>ID_ID_TR_GYMDM0</name>
      <styleUrl>#style0</styleUrl>
      <Point>
        <coordinates>48.2880847,40.02250611,0</coordinates>
      </Point>
    </Placemark>
    <Placemark>
      <name>ID_ID_TR_L2LJK4</name>
      <styleUrl>#style0</styleUrl>
      <Point>
        <coordinates>48.2829643,40.02843499,0</coordinates>
      </Point>
    </Placemark>
    <Placemark>
      <name>ID_ID_TR_Q5V7C6</name>
      <styleUrl>#style0</styleUrl>
      <Point>
        <coordinates>48.28727621,40.02870448,0</coordinates>
      </Point>
    </Placemark>
    <Placemark>
      <name>ID_ID_TR_S5NKB4</name>
      <styleUrl>#style0</styleUrl>
      <Point>
        <coordinates>48.2781134,40.0313096,0</coordinates>
      </Point>
    </Placemark>
    <Placemark>
      <name>ID_ID_TR_EHOU6Q</name>
      <styleUrl>#style0</styleUrl>
      <Point>
        <coordinates>48.33246147,40.03741814,0</coordinates>
      </Point>
    </Placemark>
    <Placemark>
      <name>ID_ID_TR_LZ2RWG</name>
      <styleUrl>#style0</styleUrl>
      <Point>
        <coordinates>48.32258001,40.03804696,0</coordinates>
      </Point>
    </Placemark>
    <Placemark>
      <name>ID_ID_TR_WAJ1G1</name>
      <styleUrl>#style0</styleUrl>
      <Point>
        <coordinates>48.31512399,40.04119106,0</coordinates>
      </Point>
    </Placemark>
    <Placemark>
      <name>ID_ID_TR_R1DWWO</name>
      <styleUrl>#style0</styleUrl>
      <Point>
        <coordinates>48.29077964,40.04244871,0</coordinates>
      </Point>
    </Placemark>
    <Placemark>
      <name>ID_ID_TR_8NBHNA</name>
      <styleUrl>#style0</styleUrl>
      <Point>
        <coordinates>48.34800233,40.04685045,0</coordinates>
      </Point>
    </Placemark>
    <Placemark>
      <name>ID_ID_TR_L3GYWI</name>
      <styleUrl>#style0</styleUrl>
      <Point>
        <coordinates>48.29104914,40.05322849,0</coordinates>
      </Point>
    </Placemark>
    <Placemark>
      <name>ID_ID_TR_YMENVG</name>
      <styleUrl>#style0</styleUrl>
      <Point>
        <coordinates>48.28224565,40.05978619,0</coordinates>
      </Point>
    </Placemark>
    <Placemark>
      <name>ID_ID_TR_3KK0VM</name>
      <styleUrl>#style0</styleUrl>
      <Point>
        <coordinates>48.69933344,39.20701549,0</coordinates>
      </Point>
    </Placemark>
    <Placemark>
      <name>ID_ID_TR_59M6MG</name>
      <styleUrl>#style0</styleUrl>
      <Point>
        <coordinates>48.7211625,39.26522632,0</coordinates>
      </Point>
    </Placemark>
    <Placemark>
      <name>ID_ID_TR_87OI0E</name>
      <styleUrl>#style0</styleUrl>
      <Point>
        <coordinates>48.68531972,39.26558565,0</coordinates>
      </Point>
    </Placemark>
    <Placemark>
      <name>ID_ID_TR_0VGNXB</name>
      <styleUrl>#style0</styleUrl>
      <Point>
        <coordinates>48.7060708,39.26881958,0</coordinates>
      </Point>
    </Placemark>
    <Placemark>
      <name>ID_ID_TR_5JTB9X</name>
      <styleUrl>#style0</styleUrl>
      <Point>
        <coordinates>48.67328229,39.27160436,0</coordinates>
      </Point>
    </Placemark>
    <Placemark>
      <name>ID_ID_TR_XAYPNT</name>
      <styleUrl>#style0</styleUrl>
      <Point>
        <coordinates>48.24864866,40.00130587,0</coordinates>
      </Point>
    </Placemark>
    <Placemark>
      <name>ID_ID_TR_RFZWKX</name>
      <styleUrl>#style0</styleUrl>
      <Point>
        <coordinates>48.22044156,40.00301266,0</coordinates>
      </Point>
    </Placemark>
    <Placemark>
      <name>ID_ID_TR_XJVE3D</name>
      <styleUrl>#style0</styleUrl>
      <Point>
        <coordinates>48.26320136,40.00516862,0</coordinates>
      </Point>
    </Placemark>
    <Placemark>
      <name>ID_ID_TR_ZEEDHH</name>
      <styleUrl>#style0</styleUrl>
      <Point>
        <coordinates>48.25844029,40.00525845,0</coordinates>
      </Point>
    </Placemark>
    <Placemark>
      <name>ID_ID_TR_JSHZKB</name>
      <styleUrl>#style0</styleUrl>
      <Point>
        <coordinates>48.26724378,40.00813306,0</coordinates>
      </Point>
    </Placemark>
    <Placemark>
      <name>ID_ID_TR_RH7LAY</name>
      <styleUrl>#style0</styleUrl>
      <Point>
        <coordinates>48.26930991,40.00813306,0</coordinates>
      </Point>
    </Placemark>
    <Placemark>
      <name>ID_ID_TR_64YFDS</name>
      <styleUrl>#style0</styleUrl>
      <Point>
        <coordinates>48.26185389,40.00858222,0</coordinates>
      </Point>
    </Placemark>
    <Placemark>
      <name>ID_ID_TR_0DJI9K</name>
      <styleUrl>#style0</styleUrl>
      <Point>
        <coordinates>48.27092688,40.00903138,0</coordinates>
      </Point>
    </Placemark>
    <Placemark>
      <name>ID_ID_TR_QDGBK2</name>
      <styleUrl>#style1</styleUrl>
      <Point>
        <coordinates>48.99398085,39.37374281,0</coordinates>
      </Point>
    </Placemark>
    <Placemark>
      <name>ID_ID_TR_L0D1B4</name>
      <styleUrl>#style1</styleUrl>
      <Point>
        <coordinates>48.99335203,39.37535978,0</coordinates>
      </Point>
    </Placemark>
    <Placemark>
      <name>ID_ID_TR_XGMPW5</name>
      <styleUrl>#style1</styleUrl>
      <Point>
        <coordinates>48.99407068,39.37787506,0</coordinates>
      </Point>
    </Placemark>
    <Placemark>
      <name>ID_ID_TR_D3GO8J</name>
      <styleUrl>#style1</styleUrl>
      <Point>
        <coordinates>48.50475834,40.1623738,0</coordinates>
      </Point>
    </Placemark>
    <Placemark>
      <name>ID_ID_TR_N42X2E</name>
      <styleUrl>#style1</styleUrl>
      <Point>
        <coordinates>48.50475834,40.16354161,0</coordinates>
      </Point>
    </Placemark>
    <Placemark>
      <name>ID_ID_TR_ZC7FOV</name>
      <styleUrl>#style1</styleUrl>
      <Point>
        <coordinates>48.50853127,40.16515857,0</coordinates>
      </Point>
    </Placemark>
    <Placemark>
      <name>ID_ID_TR_2YGNMB</name>
      <styleUrl>#style1</styleUrl>
      <Point>
        <coordinates>48.50386003,40.16578739,0</coordinates>
      </Point>
    </Placemark>
    <Placemark>
      <name>ID_ID_TR_Y49E7E</name>
      <styleUrl>#style1</styleUrl>
      <Point>
        <coordinates>48.50359053,40.1689315,0</coordinates>
      </Point>
    </Placemark>
    <Placemark>
      <name>ID_ID_TR_OBJLZY</name>
      <styleUrl>#style1</styleUrl>
      <Point>
        <coordinates>48.50323121,40.1723451,0</coordinates>
      </Point>
    </Placemark>
    <Placemark>
      <name>ID_ID_TR_1UU9YM</name>
      <styleUrl>#style1</styleUrl>
      <Point>
        <coordinates>48.90298151,39.69695665,0</coordinates>
      </Point>
    </Placemark>
    <Placemark>
      <name>ID_ID_TR_SZDXIM</name>
      <styleUrl>#style1</styleUrl>
      <Point>
        <coordinates>48.99766394,39.68177512,0</coordinates>
      </Point>
    </Placemark>
    <Placemark>
      <name>ID_ID_TR_YN4U9B</name>
      <styleUrl>#style1</styleUrl>
      <Point>
        <coordinates>48.97430774,39.61709642,0</coordinates>
      </Point>
    </Placemark>
    <Placemark>
      <name>ID_ID_TR_XF445C</name>
      <styleUrl>#style1</styleUrl>
      <Point>
        <coordinates>48.99398085,39.62518126,0</coordinates>
      </Point>
    </Placemark>
    <Placemark>
      <name>ID_ID_TR_RI8BIX</name>
      <styleUrl>#style1</styleUrl>
      <Point>
        <coordinates>48.83991978,40.03660966,0</coordinates>
      </Point>
    </Placemark>
    <Placemark>
      <name>ID_ID_TR_OIQ2Q4</name>
      <styleUrl>#style1</styleUrl>
      <Point>
        <coordinates>48.5983628,40.13461585,0</coordinates>
      </Point>
    </Placemark>
    <Placemark>
      <name>ID_ID_TR_QERXDO</name>
      <styleUrl>#style1</styleUrl>
      <Point>
        <coordinates>48.59629667,40.13470569,0</coordinates>
      </Point>
    </Placemark>
    <Placemark>
      <name>ID_ID_TR_UADVWK</name>
      <styleUrl>#style1</styleUrl>
      <Point>
        <coordinates>48.5949492,40.135604,0</coordinates>
      </Point>
    </Placemark>
    <Placemark>
      <name>ID_ID_TR_SHY8NB</name>
      <styleUrl>#style1</styleUrl>
      <Point>
        <coordinates>48.78440389,39.54729732,0</coordinates>
      </Point>
    </Placemark>
    <Placemark>
      <name>ID_ID_TR_IQUWRX</name>
      <styleUrl>#style1</styleUrl>
      <Point>
        <coordinates>48.78440389,39.5500821,0</coordinates>
      </Point>
    </Placemark>
    <Placemark>
      <name>ID_ID_TR_ZE1HM3</name>
      <styleUrl>#style1</styleUrl>
      <Point>
        <coordinates>48.79446502,39.55035159,0</coordinates>
      </Point>
    </Placemark>
    <Placemark>
      <name>ID_ID_TR_8KSZBF</name>
      <styleUrl>#style1</styleUrl>
      <Point>
        <coordinates>48.78090046,39.55044142,0</coordinates>
      </Point>
    </Placemark>
    <Placemark>
      <name>ID_ID_TR_FZZDVG</name>
      <styleUrl>#style1</styleUrl>
      <Point>
        <coordinates>48.79105143,39.55133974,0</coordinates>
      </Point>
    </Placemark>
    <Placemark>
      <name>ID_ID_TR_7OQ2ZD</name>
      <styleUrl>#style1</styleUrl>
      <Point>
        <coordinates>48.78808699,39.55196856,0</coordinates>
      </Point>
    </Placemark>
    <Placemark>
      <name>ID_ID_TR_O74V1Q</name>
      <styleUrl>#style1</styleUrl>
      <Point>
        <coordinates>48.79518368,39.55223805,0</coordinates>
      </Point>
    </Placemark>
    <Placemark>
      <name>ID_ID_TR_X8ERTB</name>
      <styleUrl>#style1</styleUrl>
      <Point>
        <coordinates>48.77344445,39.55439401,0</coordinates>
      </Point>
    </Placemark>
    <Placemark>
      <name>ID_ID_TR_74RS7G</name>
      <styleUrl>#style1</styleUrl>
      <Point>
        <coordinates>48.77137832,39.55601098,0</coordinates>
      </Point>
    </Placemark>
    <Placemark>
      <name>ID_ID_TR_U0ENV5</name>
      <styleUrl>#style1</styleUrl>
      <Point>
        <coordinates>48.59378139,40.13677181,0</coordinates>
      </Point>
    </Placemark>
    <Placemark>
      <name>ID_ID_TR_SN961J</name>
      <styleUrl>#style1</styleUrl>
      <Point>
        <coordinates>48.59800347,40.1373108,0</coordinates>
      </Point>
    </Placemark>
    <Placemark>
      <name>ID_ID_TR_88QEOZ</name>
      <styleUrl>#style1</styleUrl>
      <Point>
        <coordinates>48.5963865,40.13784979,0</coordinates>
      </Point>
    </Placemark>
    <Placemark>
      <name>ID_ID_TR_0KZ4Z7</name>
      <styleUrl>#style1</styleUrl>
      <Point>
        <coordinates>48.59503903,40.13883794,0</coordinates>
      </Point>
    </Placemark>
    <Placemark>
      <name>ID_ID_TR_WHWKMY</name>
      <styleUrl>#style1</styleUrl>
      <Point>
        <coordinates>48.53619938,39.4919611,0</coordinates>
      </Point>
    </Placemark>
    <Placemark>
      <name>ID_ID_TR_9X8SYL</name>
      <styleUrl>#style1</styleUrl>
      <Point>
        <coordinates>48.53646887,39.49303908,0</coordinates>
      </Point>
    </Placemark>
    <Placemark>
      <name>ID_ID_TR_EMRUYP</name>
      <styleUrl>#style1</styleUrl>
      <Point>
        <coordinates>48.53727736,39.49411706,0</coordinates>
      </Point>
    </Placemark>
    <Placemark>
      <name>ID_ID_TR_04K43S</name>
      <styleUrl>#style1</styleUrl>
      <Point>
        <coordinates>48.59485937,39.49483571,0</coordinates>
      </Point>
    </Placemark>
    <Placemark>
      <name>ID_ID_TR_AFYH1F</name>
      <styleUrl>#style1</styleUrl>
      <Point>
        <coordinates>48.53889433,39.49492554,0</coordinates>
      </Point>
    </Placemark>
    <Placemark>
      <name>ID_ID_TR_KJ4YK1</name>
      <styleUrl>#style1</styleUrl>
      <Point>
        <coordinates>48.538535,39.49627301,0</coordinates>
      </Point>
    </Placemark>
    <Placemark>
      <name>ID_ID_TR_B3D505</name>
      <styleUrl>#style1</styleUrl>
      <Point>
        <coordinates>48.59854246,39.49699166,0</coordinates>
      </Point>
    </Placemark>
    <Placemark>
      <name>ID_ID_TR_0UI22K</name>
      <styleUrl>#style1</styleUrl>
      <Point>
        <coordinates>48.63393608,39.46770659,0</coordinates>
      </Point>
    </Placemark>
    <Placemark>
      <name>ID_ID_TR_X7N89L</name>
      <styleUrl>#style1</styleUrl>
      <Point>
        <coordinates>48.63492423,39.4703117,0</coordinates>
      </Point>
    </Placemark>
    <Placemark>
      <name>ID_ID_TR_TAJW25</name>
      <styleUrl>#style1</styleUrl>
      <Point>
        <coordinates>48.63555305,39.47246766,0</coordinates>
      </Point>
    </Placemark>
    <Placemark>
      <name>ID_ID_TR_36ZX1T</name>
      <styleUrl>#style1</styleUrl>
      <Point>
        <coordinates>48.64687182,39.47498294,0</coordinates>
      </Point>
    </Placemark>
    <Placemark>
      <name>ID_ID_TR_V18KGY</name>
      <styleUrl>#style1</styleUrl>
      <Point>
        <coordinates>48.63941581,39.4754321,0</coordinates>
      </Point>
    </Placemark>
    <Placemark>
      <name>ID_ID_TR_GGSNPU</name>
      <styleUrl>#style1</styleUrl>
      <Point>
        <coordinates>48.63025299,39.47597109,0</coordinates>
      </Point>
    </Placemark>
    <Placemark>
      <name>ID_ID_TR_EVJLZF</name>
      <styleUrl>#style1</styleUrl>
      <Point>
        <coordinates>48.64471587,39.47606092,0</coordinates>
      </Point>
    </Placemark>
    <Placemark>
      <name>ID_ID_TR_FLB7WX</name>
      <styleUrl>#style1</styleUrl>
      <Point>
        <coordinates>48.6396853,39.47633041,0</coordinates>
      </Point>
    </Placemark>
    <Placemark>
      <name>ID_ID_TR_RUM2LH</name>
      <styleUrl>#style1</styleUrl>
      <Point>
        <coordinates>48.63905648,39.47740839,0</coordinates>
      </Point>
    </Placemark>
    <Placemark>
      <name>ID_ID_TR_GCSOTD</name>
      <styleUrl>#style1</styleUrl>
      <Point>
        <coordinates>48.64300907,39.47758805,0</coordinates>
      </Point>
    </Placemark>
    <Placemark>
      <name>ID_ID_TR_HHLMH1</name>
      <styleUrl>#style1</styleUrl>
      <Point>
        <coordinates>48.63842766,39.47830671,0</coordinates>
      </Point>
    </Placemark>
    <Placemark>
      <name>ID_ID_TR_T939AY</name>
      <styleUrl>#style1</styleUrl>
      <Point>
        <coordinates>48.63178013,39.47848637,0</coordinates>
      </Point>
    </Placemark>
    <Placemark>
      <name>ID_ID_TR_Q6WW8Y</name>
      <styleUrl>#style1</styleUrl>
      <Point>
        <coordinates>48.63734968,39.47956435,0</coordinates>
      </Point>
    </Placemark>
    <Placemark>
      <name>ID_ID_TR_L68NTK</name>
      <styleUrl>#style1</styleUrl>
      <Point>
        <coordinates>48.64094294,39.48010334,0</coordinates>
      </Point>
    </Placemark>
    <Placemark>
      <name>ID_ID_TR_63N2QB</name>
      <styleUrl>#style1</styleUrl>
      <Point>
        <coordinates>48.64327856,39.48234913,0</coordinates>
      </Point>
    </Placemark>
    <Placemark>
      <name>ID_ID_TR_6GS8G8</name>
      <styleUrl>#style1</styleUrl>
      <Point>
        <coordinates>48.64247008,39.48612205,0</coordinates>
      </Point>
    </Placemark>
    <Placemark>
      <name>ID_ID_TR_TACY15</name>
      <styleUrl>#style1</styleUrl>
      <Point>
        <coordinates>48.64552435,39.48809834,0</coordinates>
      </Point>
    </Placemark>
    <Placemark>
      <name>ID_ID_TR_PDTZ91</name>
      <styleUrl>#style1</styleUrl>
      <Point>
        <coordinates>48.6345649,39.48845767,0</coordinates>
      </Point>
    </Placemark>
    <Placemark>
      <name>ID_ID_TR_X70FQL</name>
      <styleUrl>#style1</styleUrl>
      <Point>
        <coordinates>48.63681069,39.48908649,0</coordinates>
      </Point>
    </Placemark>
    <Placemark>
      <name>ID_ID_TR_DB2UUI</name>
      <styleUrl>#style1</styleUrl>
      <Point>
        <coordinates>48.63860732,39.48935598,0</coordinates>
      </Point>
    </Placemark>
    <Placemark>
      <name>ID_ID_TR_JNWPAY</name>
      <styleUrl>#style1</styleUrl>
      <Point>
        <coordinates>48.6365412,39.4902543,0</coordinates>
      </Point>
    </Placemark>
    <Placemark>
      <name>ID_ID_TR_TXW1VZ</name>
      <styleUrl>#style1</styleUrl>
      <Point>
        <coordinates>48.94071075,39.54855496,0</coordinates>
      </Point>
    </Placemark>
    <Placemark>
      <name>ID_ID_TR_C7D2KD</name>
      <styleUrl>#style1</styleUrl>
      <Point>
        <coordinates>48.94115991,39.5500821,0</coordinates>
      </Point>
    </Placemark>
    <Placemark>
      <name>ID_ID_TR_1POXRT</name>
      <styleUrl>#style1</styleUrl>
      <Point>
        <coordinates>48.94214806,39.55133974,0</coordinates>
      </Point>
    </Placemark>
    <Placemark>
      <name>ID_ID_TR_EO2T8F</name>
      <styleUrl>#style1</styleUrl>
      <Point>
        <coordinates>48.94295654,39.55268721,0</coordinates>
      </Point>
    </Placemark>
    <Placemark>
      <name>ID_ID_TR_Y620N8</name>
      <styleUrl>#style1</styleUrl>
      <Point>
        <coordinates>48.92939198,39.57595358,0</coordinates>
      </Point>
    </Placemark>
    <Placemark>
      <name>ID_ID_TR_TTEAVT</name>
      <styleUrl>#style1</styleUrl>
      <Point>
        <coordinates>48.93235642,39.57640274,0</coordinates>
      </Point>
    </Placemark>
    <Placemark>
      <name>ID_ID_TR_8K06MO</name>
      <styleUrl>#style1</styleUrl>
      <Point>
        <coordinates>48.99667579,39.37311399,0</coordinates>
      </Point>
    </Placemark>
    <Placemark>
      <name>ID_ID_TR_XSFH4G</name>
      <styleUrl>#style1</styleUrl>
      <Point>
        <coordinates>48.99766394,39.37643775,0</coordinates>
      </Point>
    </Placemark>
    <Placemark>
      <name>ID_ID_TR_G24479</name>
      <styleUrl>#style1</styleUrl>
      <Point>
        <coordinates>48.99829276,39.37841405,0</coordinates>
      </Point>
    </Placemark>
    <Placemark>
      <name>ID_ID_TR_QTKCD0</name>
      <styleUrl>#style1</styleUrl>
      <Point>
        <coordinates>48.99946057,39.37994118,0</coordinates>
      </Point>
    </Placemark>
    <Placemark>
      <name>ID_ID_TR_RLEXDW</name>
      <styleUrl>#style1</styleUrl>
      <Point>
        <coordinates>49.00062838,39.38119882,0</coordinates>
      </Point>
    </Placemark>
    <Placemark>
      <name>ID_ID_TR_6LQWLV</name>
      <styleUrl>#style1</styleUrl>
      <Point>
        <coordinates>49.00017922,39.38326495,0</coordinates>
      </Point>
    </Placemark>
    <Placemark>
      <name>ID_ID_TR_UNLPAI</name>
      <styleUrl>#style1</styleUrl>
      <Point>
        <coordinates>49.00143687,39.38551074,0</coordinates>
      </Point>
    </Placemark>
    <Placemark>
      <name>ID_ID_TR_H0P4E0</name>
      <styleUrl>#style1</styleUrl>
      <Point>
        <coordinates>48.99910125,39.38640905,0</coordinates>
      </Point>
    </Placemark>
    <Placemark>
      <name>ID_ID_TR_5QMKTG</name>
      <styleUrl>#style1</styleUrl>
      <Point>
        <coordinates>48.99999956,39.38721754,0</coordinates>
      </Point>
    </Placemark>
    <Placemark>
      <name>ID_ID_TR_V44FTJ</name>
      <styleUrl>#style1</styleUrl>
      <Point>
        <coordinates>49.03683049,39.87590105,0</coordinates>
      </Point>
    </Placemark>
    <Placemark>
      <name>ID_ID_TR_5CCASB</name>
      <styleUrl>#style1</styleUrl>
      <Point>
        <coordinates>49.04572381,39.87958414,0</coordinates>
      </Point>
    </Placemark>
    <Placemark>
      <name>ID_ID_TR_UOV6TT</name>
      <styleUrl>#style1</styleUrl>
      <Point>
        <coordinates>48.53503157,39.48953565,0</coordinates>
      </Point>
    </Placemark>
    <Placemark>
      <name>ID_ID_TR_9Q1NI1</name>
      <styleUrl>#style1</styleUrl>
      <Point>
        <coordinates>48.53449258,39.49097295,0</coordinates>
      </Point>
    </Placemark>
    <Placemark>
      <name>ID_ID_TR_0KQSOS</name>
      <styleUrl>#style1</styleUrl>
      <Point>
        <coordinates>48.64040395,39.49241026,0</coordinates>
      </Point>
    </Placemark>
    <Placemark>
      <name>ID_ID_TR_X43WFS</name>
      <styleUrl>#style1</styleUrl>
      <Point>
        <coordinates>48.67265347,39.49285941,0</coordinates>
      </Point>
    </Placemark>
    <Placemark>
      <name>ID_ID_TR_QG8X80</name>
      <styleUrl>#style1</styleUrl>
      <Point>
        <coordinates>48.64004463,39.49456621,0</coordinates>
      </Point>
    </Placemark>
    <Placemark>
      <name>ID_ID_TR_RMHRCN</name>
      <styleUrl>#style1</styleUrl>
      <Point>
        <coordinates>48.6479498,39.49456621,0</coordinates>
      </Point>
    </Placemark>
    <Placemark>
      <name>ID_ID_TR_BH6NQQ</name>
      <styleUrl>#style1</styleUrl>
      <Point>
        <coordinates>48.65019559,39.49528487,0</coordinates>
      </Point>
    </Placemark>
    <Placemark>
      <name>ID_ID_TR_B9LZS3</name>
      <styleUrl>#style1</styleUrl>
      <Point>
        <coordinates>48.63734968,39.49573402,0</coordinates>
      </Point>
    </Placemark>
    <Placemark>
      <name>ID_ID_TR_4JTGXN</name>
      <styleUrl>#style1</styleUrl>
      <Point>
        <coordinates>48.65037525,39.49636284,0</coordinates>
      </Point>
    </Placemark>
    <Placemark>
      <name>ID_ID_TR_X4SN6S</name>
      <styleUrl>#style1</styleUrl>
      <Point>
        <coordinates>48.64417688,39.49654251,0</coordinates>
      </Point>
    </Placemark>
    <Placemark>
      <name>ID_ID_TR_M5RRVS</name>
      <styleUrl>#style1</styleUrl>
      <Point>
        <coordinates>48.63636153,39.496812,0</coordinates>
      </Point>
    </Placemark>
    <Placemark>
      <name>ID_ID_TR_FFCXHG</name>
      <styleUrl>#style1</styleUrl>
      <Point>
        <coordinates>48.6482193,39.49699166,0</coordinates>
      </Point>
    </Placemark>
    <Placemark>
      <name>ID_ID_TR_NZEI3Z</name>
      <styleUrl>#style1</styleUrl>
      <Point>
        <coordinates>48.63842766,39.4970815,0</coordinates>
      </Point>
    </Placemark>
    <Placemark>
      <name>ID_ID_TR_RRHF4A</name>
      <styleUrl>#style1</styleUrl>
      <Point>
        <coordinates>48.63986496,39.4970815,0</coordinates>
      </Point>
    </Placemark>
    <Placemark>
      <name>ID_ID_TR_BUFWBU</name>
      <styleUrl>#style1</styleUrl>
      <Point>
        <coordinates>48.6465125,39.49780015,0</coordinates>
      </Point>
    </Placemark>
    <Placemark>
      <name>ID_ID_TR_CJG8VU</name>
      <styleUrl>#style1</styleUrl>
      <Point>
        <coordinates>48.63815816,39.49932728,0</coordinates>
      </Point>
    </Placemark>
    <Placemark>
      <name>ID_ID_TR_AZXKDQ</name>
      <styleUrl>#style1</styleUrl>
      <Point>
        <coordinates>48.64561418,39.49932728,0</coordinates>
      </Point>
    </Placemark>
    <Placemark>
      <name>ID_ID_TR_95G3V2</name>
      <styleUrl>#style1</styleUrl>
      <Point>
        <coordinates>48.64768031,39.49941712,0</coordinates>
      </Point>
    </Placemark>
    <Placemark>
      <name>ID_ID_TR_3GXJ0M</name>
      <styleUrl>#style1</styleUrl>
      <Point>
        <coordinates>48.64229041,39.49959678,0</coordinates>
      </Point>
    </Placemark>
    <Placemark>
      <name>ID_ID_TR_QVINDH</name>
      <styleUrl>#style1</styleUrl>
      <Point>
        <coordinates>48.64013446,39.50031543,0</coordinates>
      </Point>
    </Placemark>
    <Placemark>
      <name>ID_ID_TR_4SPFDR</name>
      <styleUrl>#style1</styleUrl>
      <Point>
        <coordinates>48.64184126,39.50184257,0</coordinates>
      </Point>
    </Placemark>
    <Placemark>
      <name>ID_ID_TR_WB2SER</name>
      <styleUrl>#style1</styleUrl>
      <Point>
        <coordinates>48.64022429,39.50229173,0</coordinates>
      </Point>
    </Placemark>
    <Placemark>
      <name>ID_ID_TR_EV361X</name>
      <styleUrl>#style1</styleUrl>
      <Point>
        <coordinates>48.64264974,39.50319004,0</coordinates>
      </Point>
    </Placemark>
    <Placemark>
      <name>ID_ID_TR_SNBTI2</name>
      <styleUrl>#style1</styleUrl>
      <Point>
        <coordinates>48.63672086,39.5036392,0</coordinates>
      </Point>
    </Placemark>
    <Placemark>
      <name>ID_ID_TR_2NV01Z</name>
      <styleUrl>#style1</styleUrl>
      <Point>
        <coordinates>48.64184126,39.50372903,0</coordinates>
      </Point>
    </Placemark>
    <Placemark>
      <name>ID_ID_TR_DERI4K</name>
      <styleUrl>#style1</styleUrl>
      <Point>
        <coordinates>48.64255991,39.50489684,0</coordinates>
      </Point>
    </Placemark>
    <Placemark>
      <name>ID_ID_TR_5OGZ2U</name>
      <styleUrl>#style1</styleUrl>
      <Point>
        <coordinates>48.63788867,39.50615448,0</coordinates>
      </Point>
    </Placemark>
    <Placemark>
      <name>ID_ID_TR_EAXYLN</name>
      <styleUrl>#style1</styleUrl>
      <Point>
        <coordinates>48.64273957,39.50714263,0</coordinates>
      </Point>
    </Placemark>
    <Placemark>
      <name>ID_ID_TR_FXJ4PN</name>
      <styleUrl>#style1</styleUrl>
      <Point>
        <coordinates>48.63600221,39.50768162,0</coordinates>
      </Point>
    </Placemark>
    <Placemark>
      <name>ID_ID_TR_JY1O2R</name>
      <styleUrl>#style1</styleUrl>
      <Point>
        <coordinates>48.63896665,39.50911892,0</coordinates>
      </Point>
    </Placemark>
    <Placemark>
      <name>ID_ID_TR_NTJLMZ</name>
      <styleUrl>#style1</styleUrl>
      <Point>
        <coordinates>48.63564288,39.50965791,0</coordinates>
      </Point>
    </Placemark>
    <Placemark>
      <name>ID_ID_TR_04X0QZ</name>
      <styleUrl>#style1</styleUrl>
      <Point>
        <coordinates>48.64435654,39.50965791,0</coordinates>
      </Point>
    </Placemark>
    <Placemark>
      <name>ID_ID_TR_FHOMTZ</name>
      <styleUrl>#style1</styleUrl>
      <Point>
        <coordinates>48.64247008,39.50974774,0</coordinates>
      </Point>
    </Placemark>
    <Placemark>
      <name>ID_ID_TR_ZF8ADF</name>
      <styleUrl>#style1</styleUrl>
      <Point>
        <coordinates>48.64300907,39.51100538,0</coordinates>
      </Point>
    </Placemark>
    <Placemark>
      <name>ID_ID_TR_7PCHCB</name>
      <styleUrl>#style1</styleUrl>
      <Point>
        <coordinates>48.63752934,39.51199353,0</coordinates>
      </Point>
    </Placemark>
    <Placemark>
      <name>ID_ID_TR_N9WSZV</name>
      <styleUrl>#style1</styleUrl>
      <Point>
        <coordinates>48.62243765,39.47291682,0</coordinates>
      </Point>
    </Placemark>
    <Placemark>
      <name>ID_ID_TR_83XPHX</name>
      <styleUrl>#style1</styleUrl>
      <Point>
        <coordinates>48.6280072,39.47354564,0</coordinates>
      </Point>
    </Placemark>
    <Placemark>
      <name>ID_ID_TR_2KBVSI</name>
      <styleUrl>#style1</styleUrl>
      <Point>
        <coordinates>48.54006214,39.48782885,0</coordinates>
      </Point>
    </Placemark>
    <Placemark>
      <name>ID_ID_TR_GBIAF9</name>
      <styleUrl>#style1</styleUrl>
      <Point>
        <coordinates>48.54015197,39.48944582,0</coordinates>
      </Point>
    </Placemark>
    <Placemark>
      <name>ID_ID_TR_2MOVS0</name>
      <styleUrl>#style1</styleUrl>
      <Point>
        <coordinates>48.53790618,39.49007464,0</coordinates>
      </Point>
    </Placemark>
    <Placemark>
      <name>ID_ID_TR_CDK36M</name>
      <styleUrl>#style1</styleUrl>
      <Point>
        <coordinates>49.01733705,39.83763282,0</coordinates>
      </Point>
    </Placemark>
    <Placemark>
      <name>ID_ID_TR_8JVH7U</name>
      <styleUrl>#style1</styleUrl>
      <Point>
        <coordinates>49.01940317,39.83817181,0</coordinates>
      </Point>
    </Placemark>
    <Placemark>
      <name>ID_ID_TR_JODCK8</name>
      <styleUrl>#style1</styleUrl>
      <Point>
        <coordinates>49.02021165,39.84311254,0</coordinates>
      </Point>
    </Placemark>
    <Placemark>
      <name>ID_ID_TR_2853UY</name>
      <styleUrl>#style1</styleUrl>
      <Point>
        <coordinates>49.01796587,39.84320238,0</coordinates>
      </Point>
    </Placemark>
    <Placemark>
      <name>ID_ID_TR_8U118Q</name>
      <styleUrl>#style1</styleUrl>
      <Point>
        <coordinates>49.02398458,39.84508884,0</coordinates>
      </Point>
    </Placemark>
    <Placemark>
      <name>ID_ID_TR_QVAECW</name>
      <styleUrl>#style1</styleUrl>
      <Point>
        <coordinates>49.019493,39.84984991,0</coordinates>
      </Point>
    </Placemark>
    <Placemark>
      <name>ID_ID_TR_9YIL8S</name>
      <styleUrl>#style1</styleUrl>
      <Point>
        <coordinates>49.0211998,39.85002957,0</coordinates>
      </Point>
    </Placemark>
    <Placemark>
      <name>ID_ID_TR_A3IDY3</name>
      <styleUrl>#style1</styleUrl>
      <Point>
        <coordinates>49.01751671,39.85047873,0</coordinates>
      </Point>
    </Placemark>
    <Placemark>
      <name>ID_ID_TR_C7RM6J</name>
      <styleUrl>#style1</styleUrl>
      <Point>
        <coordinates>49.02362525,39.85254485,0</coordinates>
      </Point>
    </Placemark>
    <Placemark>
      <name>ID_ID_TR_8Y6RH0</name>
      <styleUrl>#style1</styleUrl>
      <Point>
        <coordinates>49.0642291,39.85550929,0</coordinates>
      </Point>
    </Placemark>
    <Placemark>
      <name>ID_ID_TR_5HHIWF</name>
      <styleUrl>#style1</styleUrl>
      <Point>
        <coordinates>49.0277575,39.54675833,0</coordinates>
      </Point>
    </Placemark>
    <Placemark>
      <name>ID_ID_TR_D7YXW1</name>
      <styleUrl>#style1</styleUrl>
      <Point>
        <coordinates>49.02236761,39.54702783,0</coordinates>
      </Point>
    </Placemark>
    <Placemark>
      <name>ID_ID_TR_TBRWR9</name>
      <styleUrl>#style1</styleUrl>
      <Point>
        <coordinates>49.02102014,39.54792614,0</coordinates>
      </Point>
    </Placemark>
    <Placemark>
      <name>ID_ID_TR_65R96K</name>
      <styleUrl>#style1</styleUrl>
      <Point>
        <coordinates>49.05210185,39.5483753,0</coordinates>
      </Point>
    </Placemark>
    <Placemark>
      <name>ID_ID_TR_HUB2RT</name>
      <styleUrl>#style1</styleUrl>
      <Point>
        <coordinates>49.02928464,39.54846513,0</coordinates>
      </Point>
    </Placemark>
    <Placemark>
      <name>ID_ID_TR_SOYG9Z</name>
      <styleUrl>#style1</styleUrl>
      <Point>
        <coordinates>49.05515612,39.54855496,0</coordinates>
      </Point>
    </Placemark>
    <Placemark>
      <name>ID_ID_TR_QYAHUL</name>
      <styleUrl>#style1</styleUrl>
      <Point>
        <coordinates>49.01922351,39.54882446,0</coordinates>
      </Point>
    </Placemark>
    <Placemark>
      <name>ID_ID_TR_WJTIQW</name>
      <styleUrl>#style1</styleUrl>
      <Point>
        <coordinates>49.02703885,39.55089058,0</coordinates>
      </Point>
    </Placemark>
    <Placemark>
      <name>ID_ID_TR_NRHZN4</name>
      <styleUrl>#style1</styleUrl>
      <Point>
        <coordinates>49.06503759,39.5566398,0</coordinates>
      </Point>
    </Placemark>
    <Placemark>
      <name>ID_ID_TR_KGEUID</name>
      <styleUrl>#style1</styleUrl>
      <Point>
        <coordinates>49.05668326,39.55717879,0</coordinates>
      </Point>
    </Placemark>
    <Placemark>
      <name>ID_ID_TR_JIPNF8</name>
      <styleUrl>#style1</styleUrl>
      <Point>
        <coordinates>49.06467826,39.55897542,0</coordinates>
      </Point>
    </Placemark>
    <Placemark>
      <name>ID_ID_TR_F3GR94</name>
      <styleUrl>#style1</styleUrl>
      <Point>
        <coordinates>49.06288163,39.55924491,0</coordinates>
      </Point>
    </Placemark>
    <Placemark>
      <name>ID_ID_TR_SZ2KUU</name>
      <styleUrl>#style1</styleUrl>
      <Point>
        <coordinates>49.05632393,39.5597839,0</coordinates>
      </Point>
    </Placemark>
    <Placemark>
      <name>ID_ID_TR_OYC3RW</name>
      <styleUrl>#style1</styleUrl>
      <Point>
        <coordinates>49.04653229,39.56077205,0</coordinates>
      </Point>
    </Placemark>
    <Placemark>
      <name>ID_ID_TR_QMMU7J</name>
      <styleUrl>#style1</styleUrl>
      <Point>
        <coordinates>49.06270197,39.56131104,0</coordinates>
      </Point>
    </Placemark>
    <Placemark>
      <name>ID_ID_TR_AE58HU</name>
      <styleUrl>#style1</styleUrl>
      <Point>
        <coordinates>49.05344932,39.5617602,0</coordinates>
      </Point>
    </Placemark>
    <Placemark>
      <name>ID_ID_TR_XG2MYR</name>
      <styleUrl>#style1</styleUrl>
      <Point>
        <coordinates>49.04195088,39.56706026,0</coordinates>
      </Point>
    </Placemark>
    <Placemark>
      <name>ID_ID_TR_06NKWF</name>
      <styleUrl>#style1</styleUrl>
      <Point>
        <coordinates>49.0513832,39.56813824,0</coordinates>
      </Point>
    </Placemark>
    <Placemark>
      <name>ID_ID_TR_G3MWU4</name>
      <styleUrl>#style1</styleUrl>
      <Point>
        <coordinates>49.04949673,39.56840773,0</coordinates>
      </Point>
    </Placemark>
    <Placemark>
      <name>ID_ID_TR_CFILKJ</name>
      <styleUrl>#style1</styleUrl>
      <Point>
        <coordinates>49.03988476,39.56867722,0</coordinates>
      </Point>
    </Placemark>
    <Placemark>
      <name>ID_ID_TR_XJQ5NV</name>
      <styleUrl>#style1</styleUrl>
      <Point>
        <coordinates>49.04482549,39.56894672,0</coordinates>
      </Point>
    </Placemark>
    <Placemark>
      <name>ID_ID_TR_8OGA0X</name>
      <styleUrl>#style1</styleUrl>
      <Point>
        <coordinates>49.0542578,39.56894672,0</coordinates>
      </Point>
    </Placemark>
    <Placemark>
      <name>ID_ID_TR_7ZCGDC</name>
      <styleUrl>#style1</styleUrl>
      <Point>
        <coordinates>49.03683049,39.57119251,0</coordinates>
      </Point>
    </Placemark>
    <Placemark>
      <name>ID_ID_TR_5TAO1C</name>
      <styleUrl>#style1</styleUrl>
      <Point>
        <coordinates>49.04347802,39.57119251,0</coordinates>
      </Point>
    </Placemark>
    <Placemark>
      <name>ID_ID_TR_JFX5LI</name>
      <styleUrl>#style1</styleUrl>
      <Point>
        <coordinates>49.03575251,39.57325863,0</coordinates>
      </Point>
    </Placemark>
    <Placemark>
      <name>ID_ID_TR_KWE4BX</name>
      <styleUrl>#style1</styleUrl>
      <Point>
        <coordinates>49.03763897,39.57442644,0</coordinates>
      </Point>
    </Placemark>
    <Placemark>
      <name>ID_ID_TR_4LR9TJ</name>
      <styleUrl>#style1</styleUrl>
      <Point>
        <coordinates>49.04859842,39.57478577,0</coordinates>
      </Point>
    </Placemark>
    <Placemark>
      <name>ID_ID_TR_Q8ZGVW</name>
      <styleUrl>#style1</styleUrl>
      <Point>
        <coordinates>49.03934577,39.57685189,0</coordinates>
      </Point>
    </Placemark>
    <Placemark>
      <name>ID_ID_TR_WUSXLM</name>
      <styleUrl>#style1</styleUrl>
      <Point>
        <coordinates>49.17517104,39.36242404,0</coordinates>
      </Point>
    </Placemark>
    <Placemark>
      <name>ID_ID_TR_T2PNJK</name>
      <styleUrl>#style1</styleUrl>
      <Point>
        <coordinates>49.16897267,39.3626037,0</coordinates>
      </Point>
    </Placemark>
    <Placemark>
      <name>ID_ID_TR_A34MQA</name>
      <styleUrl>#style1</styleUrl>
      <Point>
        <coordinates>49.17112862,39.3643105,0</coordinates>
      </Point>
    </Placemark>
    <Placemark>
      <name>ID_ID_TR_78RAPK</name>
      <styleUrl>#style1</styleUrl>
      <Point>
        <coordinates>49.17328458,39.36511898,0</coordinates>
      </Point>
    </Placemark>
    <Placemark>
      <name>ID_ID_TR_IANOUO</name>
      <styleUrl>#style1</styleUrl>
      <Point>
        <coordinates>48.81045504,39.40177024,0</coordinates>
      </Point>
    </Placemark>
    <Placemark>
      <name>ID_ID_TR_F0ONJP</name>
      <styleUrl>#style1</styleUrl>
      <Point>
        <coordinates>48.76500028,39.43626555,0</coordinates>
      </Point>
    </Placemark>
    <Placemark>
      <name>ID_ID_TR_I163YK</name>
      <styleUrl>#style1</styleUrl>
      <Point>
        <coordinates>48.76706641,39.43743336,0</coordinates>
      </Point>
    </Placemark>
    <Placemark>
      <name>ID_ID_TR_03O4GK</name>
      <styleUrl>#style1</styleUrl>
      <Point>
        <coordinates>48.76859354,39.43824185,0</coordinates>
      </Point>
    </Placemark>
    <Placemark>
      <name>ID_ID_TR_WWJWGA</name>
      <styleUrl>#style1</styleUrl>
      <Point>
        <coordinates>48.76311382,39.43851134,0</coordinates>
      </Point>
    </Placemark>
    <Placemark>
      <name>ID_ID_TR_BTGDJZ</name>
      <styleUrl>#style1</styleUrl>
      <Point>
        <coordinates>48.77110883,39.43967915,0</coordinates>
      </Point>
    </Placemark>
    <Placemark>
      <name>ID_ID_TR_0IFRML</name>
      <styleUrl>#style1</styleUrl>
      <Point>
        <coordinates>48.77407327,39.43985881,0</coordinates>
      </Point>
    </Placemark>
    <Placemark>
      <name>ID_ID_TR_29Q2L4</name>
      <styleUrl>#style1</styleUrl>
      <Point>
        <coordinates>48.76176635,39.44030797,0</coordinates>
      </Point>
    </Placemark>
    <Placemark>
      <name>ID_ID_TR_8C1CQG</name>
      <styleUrl>#style1</styleUrl>
      <Point>
        <coordinates>48.76446129,39.44030797,0</coordinates>
      </Point>
    </Placemark>
    <Placemark>
      <name>ID_ID_TR_433E1I</name>
      <styleUrl>#style1</styleUrl>
      <Point>
        <coordinates>48.76697658,39.44057747,0</coordinates>
      </Point>
    </Placemark>
    <Placemark>
      <name>ID_ID_TR_1P0BQ1</name>
      <styleUrl>#style1</styleUrl>
      <Point>
        <coordinates>48.76913253,39.44093679,0</coordinates>
      </Point>
    </Placemark>
    <Placemark>
      <name>ID_ID_TR_S9RYLL</name>
      <styleUrl>#style1</styleUrl>
      <Point>
        <coordinates>48.75961039,39.44129612,0</coordinates>
      </Point>
    </Placemark>
    <Placemark>
      <name>ID_ID_TR_WB7SJW</name>
      <styleUrl>#style1</styleUrl>
      <Point>
        <coordinates>48.77649872,39.44156561,0</coordinates>
      </Point>
    </Placemark>
    <Placemark>
      <name>ID_ID_TR_H55HEW</name>
      <styleUrl>#style1</styleUrl>
      <Point>
        <coordinates>48.77856484,39.44156561,0</coordinates>
      </Point>
    </Placemark>
    <Placemark>
      <name>ID_ID_TR_LGJE2A</name>
      <styleUrl>#style1</styleUrl>
      <Point>
        <coordinates>48.80021424,39.44183511,0</coordinates>
      </Point>
    </Placemark>
    <Placemark>
      <name>ID_ID_TR_B2RVND</name>
      <styleUrl>#style1</styleUrl>
      <Point>
        <coordinates>48.77254613,39.4423741,0</coordinates>
      </Point>
    </Placemark>
    <Placemark>
      <name>ID_ID_TR_FDW79W</name>
      <styleUrl>#style1</styleUrl>
      <Point>
        <coordinates>48.77964282,39.44282325,0</coordinates>
      </Point>
    </Placemark>
    <Placemark>
      <name>ID_ID_TR_CXZ2EI</name>
      <styleUrl>#style1</styleUrl>
      <Point>
        <coordinates>48.75808325,39.44327241,0</coordinates>
      </Point>
    </Placemark>
    <Placemark>
      <name>ID_ID_TR_9212PG</name>
      <styleUrl>#style1</styleUrl>
      <Point>
        <coordinates>48.77515125,39.44408089,0</coordinates>
      </Point>
    </Placemark>
    <Placemark>
      <name>ID_ID_TR_YME6RP</name>
      <styleUrl>#style1</styleUrl>
      <Point>
        <coordinates>48.78233777,39.44417073,0</coordinates>
      </Point>
    </Placemark>
    <Placemark>
      <name>ID_ID_TR_KZGGM0</name>
      <styleUrl>#style1</styleUrl>
      <Point>
        <coordinates>48.76544944,39.4452487,0</coordinates>
      </Point>
    </Placemark>
    <Placemark>
      <name>ID_ID_TR_J36TCF</name>
      <styleUrl>#style1</styleUrl>
      <Point>
        <coordinates>48.78539204,39.4452487,0</coordinates>
      </Point>
    </Placemark>
    <Placemark>
      <name>ID_ID_TR_KJNAWN</name>
      <styleUrl>#style1</styleUrl>
      <Point>
        <coordinates>48.78027164,39.44542837,0</coordinates>
      </Point>
    </Placemark>
    <Placemark>
      <name>ID_ID_TR_GA41IZ</name>
      <styleUrl>#style1</styleUrl>
      <Point>
        <coordinates>48.79850744,39.44641651,0</coordinates>
      </Point>
    </Placemark>
    <Placemark>
      <name>ID_ID_TR_XTNSRT</name>
      <styleUrl>#style1</styleUrl>
      <Point>
        <coordinates>48.79365654,39.44659618,0</coordinates>
      </Point>
    </Placemark>
    <Placemark>
      <name>ID_ID_TR_WLXDSC</name>
      <styleUrl>#style1</styleUrl>
      <Point>
        <coordinates>48.78341575,39.44686567,0</coordinates>
      </Point>
    </Placemark>
    <Placemark>
      <name>ID_ID_TR_4E5HRD</name>
      <styleUrl>#style1</styleUrl>
      <Point>
        <coordinates>48.7676054,39.44740466,0</coordinates>
      </Point>
    </Placemark>
    <Placemark>
      <name>ID_ID_TR_U4XSZJ</name>
      <styleUrl>#style1</styleUrl>
      <Point>
        <coordinates>48.78943446,39.44740466,0</coordinates>
      </Point>
    </Placemark>
    <Placemark>
      <name>ID_ID_TR_NVC7HR</name>
      <styleUrl>#style1</styleUrl>
      <Point>
        <coordinates>48.79653115,39.44776399,0</coordinates>
      </Point>
    </Placemark>
    <Placemark>
      <name>ID_ID_TR_6C2CU7</name>
      <styleUrl>#style1</styleUrl>
      <Point>
        <coordinates>48.80479565,39.44794365,0</coordinates>
      </Point>
    </Placemark>
    <Placemark>
      <name>ID_ID_TR_ONZ3JB</name>
      <styleUrl>#style1</styleUrl>
      <Point>
        <coordinates>48.78691918,39.44812331,0</coordinates>
      </Point>
    </Placemark>
    <Placemark>
      <name>ID_ID_TR_CK88D0</name>
      <styleUrl>#style1</styleUrl>
      <Point>
        <coordinates>48.76329348,39.44848264,0</coordinates>
      </Point>
    </Placemark>
    <Placemark>
      <name>ID_ID_TR_TGSIWG</name>
      <styleUrl>#style1</styleUrl>
      <Point>
        <coordinates>48.77703771,39.44857247,0</coordinates>
      </Point>
    </Placemark>
    <Placemark>
      <name>ID_ID_TR_0ODWMQ</name>
      <styleUrl>#style1</styleUrl>
      <Point>
        <coordinates>48.77344445,39.4486623,0</coordinates>
      </Point>
    </Placemark>
    <Placemark>
      <name>ID_ID_TR_X5GGOM</name>
      <styleUrl>#style1</styleUrl>
      <Point>
        <coordinates>48.78862597,39.4489318,0</coordinates>
      </Point>
    </Placemark>
    <Placemark>
      <name>ID_ID_TR_F9PML9</name>
      <styleUrl>#style1</styleUrl>
      <Point>
        <coordinates>48.80353801,39.44929112,0</coordinates>
      </Point>
    </Placemark>
    <Placemark>
      <name>ID_ID_TR_LN1P0V</name>
      <styleUrl>#style1</styleUrl>
      <Point>
        <coordinates>48.76940203,39.44938095,0</coordinates>
      </Point>
    </Placemark>
    <Placemark>
      <name>ID_ID_TR_UH17J8</name>
      <styleUrl>#style1</styleUrl>
      <Point>
        <coordinates>48.77515125,39.44991994,0</coordinates>
      </Point>
    </Placemark>
    <Placemark>
      <name>ID_ID_TR_QO09VS</name>
      <styleUrl>#style1</styleUrl>
      <Point>
        <coordinates>48.76517995,39.45027927,0</coordinates>
      </Point>
    </Placemark>
    <Placemark>
      <name>ID_ID_TR_9KKH4A</name>
      <styleUrl>#style1</styleUrl>
      <Point>
        <coordinates>48.77182748,39.45099792,0</coordinates>
      </Point>
    </Placemark>
    <Placemark>
      <name>ID_ID_TR_3YJTU7</name>
      <styleUrl>#style1</styleUrl>
      <Point>
        <coordinates>48.76302399,39.45135725,0</coordinates>
      </Point>
    </Placemark>
    <Placemark>
      <name>ID_ID_TR_FBMENU</name>
      <styleUrl>#style1</styleUrl>
      <Point>
        <coordinates>48.77739703,39.45135725,0</coordinates>
      </Point>
    </Placemark>
    <Placemark>
      <name>ID_ID_TR_I3DO70</name>
      <styleUrl>#style1</styleUrl>
      <Point>
        <coordinates>48.76787489,39.45189624,0</coordinates>
      </Point>
    </Placemark>
    <Placemark>
      <name>ID_ID_TR_02G3YU</name>
      <styleUrl>#style1</styleUrl>
      <Point>
        <coordinates>48.77362411,39.45243523,0</coordinates>
      </Point>
    </Placemark>
    <Placemark>
      <name>ID_ID_TR_6VK0UC</name>
      <styleUrl>#style1</styleUrl>
      <Point>
        <coordinates>48.78036147,39.45288438,0</coordinates>
      </Point>
    </Placemark>
    <Placemark>
      <name>ID_ID_TR_C1M3O5</name>
      <styleUrl>#style1</styleUrl>
      <Point>
        <coordinates>48.76778506,39.45360304,0</coordinates>
      </Point>
    </Placemark>
    <Placemark>
      <name>ID_ID_TR_5IXVA1</name>
      <styleUrl>#style1</styleUrl>
      <Point>
        <coordinates>48.78449372,39.45396236,0</coordinates>
      </Point>
    </Placemark>
    <Placemark>
      <name>ID_ID_TR_NKBTFS</name>
      <styleUrl>#style1</styleUrl>
      <Point>
        <coordinates>48.79473452,39.45405219,0</coordinates>
      </Point>
    </Placemark>
    <Placemark>
      <name>ID_ID_TR_HB0OQV</name>
      <styleUrl>#style1</styleUrl>
      <Point>
        <coordinates>48.77551057,39.45414203,0</coordinates>
      </Point>
    </Placemark>
    <Placemark>
      <name>ID_ID_TR_SHKOEC</name>
      <styleUrl>#style1</styleUrl>
      <Point>
        <coordinates>48.78260726,39.45450135,0</coordinates>
      </Point>
    </Placemark>
    <Placemark>
      <name>ID_ID_TR_UBODS1</name>
      <styleUrl>#style1</styleUrl>
      <Point>
        <coordinates>48.79194974,39.45450135,0</coordinates>
      </Point>
    </Placemark>
    <Placemark>
      <name>ID_ID_TR_EEURXH</name>
      <styleUrl>#style1</styleUrl>
      <Point>
        <coordinates>48.7989566,39.45486068,0</coordinates>
      </Point>
    </Placemark>
    <Placemark>
      <name>ID_ID_TR_W0IC1L</name>
      <styleUrl>#style1</styleUrl>
      <Point>
        <coordinates>48.76805455,39.45504034,0</coordinates>
      </Point>
    </Placemark>
    <Placemark>
      <name>ID_ID_TR_7DYPML</name>
      <styleUrl>#style1</styleUrl>
      <Point>
        <coordinates>48.78620052,39.45530984,0</coordinates>
      </Point>
    </Placemark>
    <Placemark>
      <name>ID_ID_TR_VAK9W9</name>
      <styleUrl>#style1</styleUrl>
      <Point>
        <coordinates>48.80147188,39.45575899,0</coordinates>
      </Point>
    </Placemark>
    <Placemark>
      <name>ID_ID_TR_PFB3HN</name>
      <styleUrl>#style1</styleUrl>
      <Point>
        <coordinates>48.77272579,39.45629798,0</coordinates>
      </Point>
    </Placemark>
    <Placemark>
      <name>ID_ID_TR_14EB87</name>
      <styleUrl>#style1</styleUrl>
      <Point>
        <coordinates>48.79680064,39.45665731,0</coordinates>
      </Point>
    </Placemark>
    <Placemark>
      <name>ID_ID_TR_53AYEQ</name>
      <styleUrl>#style1</styleUrl>
      <Point>
        <coordinates>48.77874451,39.45683697,0</coordinates>
      </Point>
    </Placemark>
    <Placemark>
      <name>ID_ID_TR_AHTHSJ</name>
      <styleUrl>#style1</styleUrl>
      <Point>
        <coordinates>48.80506514,39.4571963,0</coordinates>
      </Point>
    </Placemark>
    <Placemark>
      <name>ID_ID_TR_R0FZAU</name>
      <styleUrl>#style1</styleUrl>
      <Point>
        <coordinates>48.80784992,39.45854377,0</coordinates>
      </Point>
    </Placemark>
    <Placemark>
      <name>ID_ID_TR_XBGK2W</name>
      <styleUrl>#style1</styleUrl>
      <Point>
        <coordinates>48.80946689,39.45926242,0</coordinates>
      </Point>
    </Placemark>
    <Placemark>
      <name>ID_ID_TR_BXANJ4</name>
      <styleUrl>#style1</styleUrl>
      <Point>
        <coordinates>48.8106347,39.46078956,0</coordinates>
      </Point>
    </Placemark>
    <Placemark>
      <name>ID_ID_TR_X5A5XI</name>
      <styleUrl>#style1</styleUrl>
      <Point>
        <coordinates>49.03099144,39.58790117,0</coordinates>
      </Point>
    </Placemark>
    <Placemark>
      <name>ID_ID_TR_N9DL5T</name>
      <styleUrl>#style1</styleUrl>
      <Point>
        <coordinates>49.0214693,39.58951814,0</coordinates>
      </Point>
    </Placemark>
    <Placemark>
      <name>ID_ID_TR_GSQ7AI</name>
      <styleUrl>#style1</styleUrl>
      <Point>
        <coordinates>49.01832519,39.59068595,0</coordinates>
      </Point>
    </Placemark>
    <Placemark>
      <name>ID_ID_TR_TMOFMM</name>
      <styleUrl>#style1</styleUrl>
      <Point>
        <coordinates>49.01554042,39.59391988,0</coordinates>
      </Point>
    </Placemark>
    <Placemark>
      <name>ID_ID_TR_WI9S3W</name>
      <styleUrl>#style1</styleUrl>
      <Point>
        <coordinates>49.02937447,39.59427921,0</coordinates>
      </Point>
    </Placemark>
    <Placemark>
      <name>ID_ID_TR_563BTK</name>
      <styleUrl>#style1</styleUrl>
      <Point>
        <coordinates>49.01904385,39.59490803,0</coordinates>
      </Point>
    </Placemark>
    <Placemark>
      <name>ID_ID_TR_F6XDN8</name>
      <styleUrl>#style1</styleUrl>
      <Point>
        <coordinates>49.01572008,39.59904028,0</coordinates>
      </Point>
    </Placemark>
    <Placemark>
      <name>ID_ID_TR_WWIIF8</name>
      <styleUrl>#style1</styleUrl>
      <Point>
        <coordinates>49.03656099,39.59930978,0</coordinates>
      </Point>
    </Placemark>
    <Placemark>
      <name>ID_ID_TR_6LTHET</name>
      <styleUrl>#style1</styleUrl>
      <Point>
        <coordinates>49.019493,39.5996691,0</coordinates>
      </Point>
    </Placemark>
    <Placemark>
      <name>ID_ID_TR_25LZSE</name>
      <styleUrl>#style1</styleUrl>
      <Point>
        <coordinates>49.02883548,39.60218438,0</coordinates>
      </Point>
    </Placemark>
    <Placemark>
      <name>ID_ID_TR_99F77L</name>
      <styleUrl>#style1</styleUrl>
      <Point>
        <coordinates>49.03584234,39.60227422,0</coordinates>
      </Point>
    </Placemark>
    <Placemark>
      <name>ID_ID_TR_U8EL50</name>
      <styleUrl>#style1</styleUrl>
      <Point>
        <coordinates>49.01814553,39.60335219,0</coordinates>
      </Point>
    </Placemark>
    <Placemark>
      <name>ID_ID_TR_15OOP7</name>
      <styleUrl>#style1</styleUrl>
      <Point>
        <coordinates>49.03332706,39.60443017,0</coordinates>
      </Point>
    </Placemark>
    <Placemark>
      <name>ID_ID_TR_67J2DG</name>
      <styleUrl>#style1</styleUrl>
      <Point>
        <coordinates>49.02560155,39.60604714,0</coordinates>
      </Point>
    </Placemark>
    <Placemark>
      <name>ID_ID_TR_1WJUII</name>
      <styleUrl>#style1</styleUrl>
      <Point>
        <coordinates>49.02928464,39.60640647,0</coordinates>
      </Point>
    </Placemark>
    <Placemark>
      <name>ID_ID_TR_YMYRSV</name>
      <styleUrl>#style1</styleUrl>
      <Point>
        <coordinates>49.02766767,39.6064963,0</coordinates>
      </Point>
    </Placemark>
    <Placemark>
      <name>ID_ID_TR_ZN4REG</name>
      <styleUrl>#style1</styleUrl>
      <Point>
        <coordinates>49.02110997,39.60694546,0</coordinates>
      </Point>
    </Placemark>
    <Placemark>
      <name>ID_ID_TR_B1AJO0</name>
      <styleUrl>#style1</styleUrl>
      <Point>
        <coordinates>49.02865582,39.60721495,0</coordinates>
      </Point>
    </Placemark>
    <Placemark>
      <name>ID_ID_TR_91C795</name>
      <styleUrl>#style1</styleUrl>
      <Point>
        <coordinates>49.02299643,39.60730478,0</coordinates>
      </Point>
    </Placemark>
    <Placemark>
      <name>ID_ID_TR_RLQIOB</name>
      <styleUrl>#style1</styleUrl>
      <Point>
        <coordinates>49.02982363,39.60775394,0</coordinates>
      </Point>
    </Placemark>
    <Placemark>
      <name>ID_ID_TR_0NLW0V</name>
      <styleUrl>#style1</styleUrl>
      <Point>
        <coordinates>49.02811683,39.60784377,0</coordinates>
      </Point>
    </Placemark>
    <Placemark>
      <name>ID_ID_TR_S52SQ3</name>
      <styleUrl>#style1</styleUrl>
      <Point>
        <coordinates>49.02560155,39.60829293,0</coordinates>
      </Point>
    </Placemark>
    <Placemark>
      <name>ID_ID_TR_B9SO0U</name>
      <styleUrl>#style1</styleUrl>
      <Point>
        <coordinates>49.02757784,39.60847259,0</coordinates>
      </Point>
    </Placemark>
    <Placemark>
      <name>ID_ID_TR_SWBKOK</name>
      <styleUrl>#style1</styleUrl>
      <Point>
        <coordinates>49.02110997,39.60856242,0</coordinates>
      </Point>
    </Placemark>
    <Placemark>
      <name>ID_ID_TR_3QPWBS</name>
      <styleUrl>#style1</styleUrl>
      <Point>
        <coordinates>49.02380492,39.60919124,0</coordinates>
      </Point>
    </Placemark>
    <Placemark>
      <name>ID_ID_TR_F3Q0E2</name>
      <styleUrl>#style1</styleUrl>
      <Point>
        <coordinates>49.02694902,39.60928108,0</coordinates>
      </Point>
    </Placemark>
    <Placemark>
      <name>ID_ID_TR_7ZEOQG</name>
      <styleUrl>#style1</styleUrl>
      <Point>
        <coordinates>49.02982363,39.61296417,0</coordinates>
      </Point>
    </Placemark>
    <Placemark>
      <name>ID_ID_TR_VZHQJY</name>
      <styleUrl>#style1</styleUrl>
      <Point>
        <coordinates>49.01221665,39.61907271,0</coordinates>
      </Point>
    </Placemark>
    <Placemark>
      <name>ID_ID_TR_62ZEEQ</name>
      <styleUrl>#style1</styleUrl>
      <Point>
        <coordinates>49.00431147,39.62042018,0</coordinates>
      </Point>
    </Placemark>
    <Placemark>
      <name>ID_ID_TR_NSN2S8</name>
      <styleUrl>#style1</styleUrl>
      <Point>
        <coordinates>49.01473193,39.62068968,0</coordinates>
      </Point>
    </Placemark>
    <Placemark>
      <name>ID_ID_TR_NN16UX</name>
      <styleUrl>#style1</styleUrl>
      <Point>
        <coordinates>49.01212682,39.62122867,0</coordinates>
      </Point>
    </Placemark>
    <Placemark>
      <name>ID_ID_TR_F5GZPL</name>
      <styleUrl>#style1</styleUrl>
      <Point>
        <coordinates>49.01545058,39.62140833,0</coordinates>
      </Point>
    </Placemark>
    <Placemark>
      <name>ID_ID_TR_1QWEEH</name>
      <styleUrl>#style1</styleUrl>
      <Point>
        <coordinates>49.01625907,39.62158799,0</coordinates>
      </Point>
    </Placemark>
    <Placemark>
      <name>ID_ID_TR_WJQ4TA</name>
      <styleUrl>#style1</styleUrl>
      <Point>
        <coordinates>48.99712495,39.62176766,0</coordinates>
      </Point>
    </Placemark>
    <Placemark>
      <name>ID_ID_TR_5IVROC</name>
      <styleUrl>#style1</styleUrl>
      <Point>
        <coordinates>48.99946057,39.62176766,0</coordinates>
      </Point>
    </Placemark>
    <Placemark>
      <name>ID_ID_TR_VITWU3</name>
      <styleUrl>#style1</styleUrl>
      <Point>
        <coordinates>48.99973007,39.62320496,0</coordinates>
      </Point>
    </Placemark>
    <Placemark>
      <name>ID_ID_TR_BFXB4Y</name>
      <styleUrl>#style1</styleUrl>
      <Point>
        <coordinates>49.0132048,39.62320496,0</coordinates>
      </Point>
    </Placemark>
    <Placemark>
      <name>ID_ID_TR_4K7BPG</name>
      <styleUrl>#style1</styleUrl>
      <Point>
        <coordinates>48.99739445,39.62329479,0</coordinates>
      </Point>
    </Placemark>
    <Placemark>
      <name>ID_ID_TR_YVYV2G</name>
      <styleUrl>#style1</styleUrl>
      <Point>
        <coordinates>49.00107754,39.62329479,0</coordinates>
      </Point>
    </Placemark>
    <Placemark>
      <name>ID_ID_TR_QU7DKN</name>
      <styleUrl>#style1</styleUrl>
      <Point>
        <coordinates>49.0097912,39.62347446,0</coordinates>
      </Point>
    </Placemark>
    <Placemark>
      <name>ID_ID_TR_NCPTKE</name>
      <styleUrl>#style1</styleUrl>
      <Point>
        <coordinates>49.01446244,39.62374395,0</coordinates>
      </Point>
    </Placemark>
    <Placemark>
      <name>ID_ID_TR_ZJSSZW</name>
      <styleUrl>#style1</styleUrl>
      <Point>
        <coordinates>48.99829276,39.62491176,0</coordinates>
      </Point>
    </Placemark>
    <Placemark>
      <name>ID_ID_TR_D0W9RY</name>
      <styleUrl>#style1</styleUrl>
      <Point>
        <coordinates>48.99937074,39.62518126,0</coordinates>
      </Point>
    </Placemark>
    <Placemark>
      <name>ID_ID_TR_79KVLS</name>
      <styleUrl>#style1</styleUrl>
      <Point>
        <coordinates>48.99685546,39.62527109,0</coordinates>
      </Point>
    </Placemark>
    <Placemark>
      <name>ID_ID_TR_9MEUSW</name>
      <styleUrl>#style1</styleUrl>
      <Point>
        <coordinates>49.01338446,39.62536092,0</coordinates>
      </Point>
    </Placemark>
    <Placemark>
      <name>ID_ID_TR_RGVZ9A</name>
      <styleUrl>#style1</styleUrl>
      <Point>
        <coordinates>48.99766394,39.62563041,0</coordinates>
      </Point>
    </Placemark>
    <Placemark>
      <name>ID_ID_TR_AWE429</name>
      <styleUrl>#style1</styleUrl>
      <Point>
        <coordinates>49.01203699,39.62563041,0</coordinates>
      </Point>
    </Placemark>
    <Placemark>
      <name>ID_ID_TR_OMUWAH</name>
      <styleUrl>#style1</styleUrl>
      <Point>
        <coordinates>48.99856226,39.62697789,0</coordinates>
      </Point>
    </Placemark>
    <Placemark>
      <name>ID_ID_TR_K2LSLA</name>
      <styleUrl>#style1</styleUrl>
      <Point>
        <coordinates>49.00799457,39.62886435,0</coordinates>
      </Point>
    </Placemark>
    <Placemark>
      <name>ID_ID_TR_YM0WBG</name>
      <styleUrl>#style1</styleUrl>
      <Point>
        <coordinates>49.0046708,39.62922367,0</coordinates>
      </Point>
    </Placemark>
    <Placemark>
      <name>ID_ID_TR_LMY62X</name>
      <styleUrl>#style1</styleUrl>
      <Point>
        <coordinates>49.01536075,39.62940334,0</coordinates>
      </Point>
    </Placemark>
    <Placemark>
      <name>ID_ID_TR_RW6TM2</name>
      <styleUrl>#style1</styleUrl>
      <Point>
        <coordinates>49.01176749,39.63281694,0</coordinates>
      </Point>
    </Placemark>
    <Placemark>
      <name>ID_ID_TR_O04K0L</name>
      <styleUrl>#style1</styleUrl>
      <Point>
        <coordinates>48.99829276,39.63335593,0</coordinates>
      </Point>
    </Placemark>
    <Placemark>
      <name>ID_ID_TR_THY25M</name>
      <styleUrl>#style1</styleUrl>
      <Point>
        <coordinates>48.99865209,39.63479323,0</coordinates>
      </Point>
    </Placemark>
    <Placemark>
      <name>ID_ID_TR_8KB9W4</name>
      <styleUrl>#style1</styleUrl>
      <Point>
        <coordinates>49.00601827,39.65752061,0</coordinates>
      </Point>
    </Placemark>
    <Placemark>
      <name>ID_ID_TR_UOV51Z</name>
      <styleUrl>#style1</styleUrl>
      <Point>
        <coordinates>49.00511996,39.65913757,0</coordinates>
      </Point>
    </Placemark>
    <Placemark>
      <name>ID_ID_TR_LBORIQ</name>
      <styleUrl>#style1</styleUrl>
      <Point>
        <coordinates>49.00368265,39.66048505,0</coordinates>
      </Point>
    </Placemark>
    <Placemark>
      <name>ID_ID_TR_8HKE22</name>
      <styleUrl>#style1</styleUrl>
      <Point>
        <coordinates>49.0063776,39.66084437,0</coordinates>
      </Point>
    </Placemark>
    <Placemark>
      <name>ID_ID_TR_6PARSG</name>
      <styleUrl>#style1</styleUrl>
      <Point>
        <coordinates>49.00206569,39.66228168,0</coordinates>
      </Point>
    </Placemark>
    <Placemark>
      <name>ID_ID_TR_70S1F5</name>
      <styleUrl>#style1</styleUrl>
      <Point>
        <coordinates>49.00503013,39.66228168,0</coordinates>
      </Point>
    </Placemark>
    <Placemark>
      <name>ID_ID_TR_37YE0Q</name>
      <styleUrl>#style1</styleUrl>
      <Point>
        <coordinates>49.00143687,39.6646173,0</coordinates>
      </Point>
    </Placemark>
    <Placemark>
      <name>ID_ID_TR_ZSA7YV</name>
      <styleUrl>#style1</styleUrl>
      <Point>
        <coordinates>48.99937074,39.66506645,0</coordinates>
      </Point>
    </Placemark>
    <Placemark>
      <name>ID_ID_TR_DQBSXL</name>
      <styleUrl>#style1</styleUrl>
      <Point>
        <coordinates>48.99820293,39.66587494,0</coordinates>
      </Point>
    </Placemark>
    <Placemark>
      <name>ID_ID_TR_UL6LGJ</name>
      <styleUrl>#style1</styleUrl>
      <Point>
        <coordinates>48.99443001,39.67917,0</coordinates>
      </Point>
    </Placemark>
    <Placemark>
      <name>ID_ID_TR_LPEFJA</name>
      <styleUrl>#style1</styleUrl>
      <Point>
        <coordinates>48.99595714,39.68159546,0</coordinates>
      </Point>
    </Placemark>
    <Placemark>
      <name>ID_ID_TR_WSHMLF</name>
      <styleUrl>#style1</styleUrl>
      <Point>
        <coordinates>48.90783241,39.69489052,0</coordinates>
      </Point>
    </Placemark>
    <Placemark>
      <name>ID_ID_TR_ZKICWM</name>
      <styleUrl>#style1</styleUrl>
      <Point>
        <coordinates>48.90828157,39.69569901,0</coordinates>
      </Point>
    </Placemark>
    <Placemark>
      <name>ID_ID_TR_PEQYDB</name>
      <styleUrl>#style1</styleUrl>
      <Point>
        <coordinates>48.90935955,39.69569901,0</coordinates>
      </Point>
    </Placemark>
    <Placemark>
      <name>ID_ID_TR_PGVV4Z</name>
      <styleUrl>#style1</styleUrl>
      <Point>
        <coordinates>48.91016803,39.69569901,0</coordinates>
      </Point>
    </Placemark>
    <Placemark>
      <name>ID_ID_TR_WL3ZYT</name>
      <styleUrl>#style1</styleUrl>
      <Point>
        <coordinates>48.91304264,39.69686682,0</coordinates>
      </Point>
    </Placemark>
    <Placemark>
      <name>ID_ID_TR_91QE37</name>
      <styleUrl>#style1</styleUrl>
      <Point>
        <coordinates>48.91133584,39.6974058,0</coordinates>
      </Point>
    </Placemark>
    <Placemark>
      <name>ID_ID_TR_QQYZQI</name>
      <styleUrl>#style1</styleUrl>
      <Point>
        <coordinates>48.91070702,39.69803463,0</coordinates>
      </Point>
    </Placemark>
    <Placemark>
      <name>ID_ID_TR_I4W6OZ</name>
      <styleUrl>#style1</styleUrl>
      <Point>
        <coordinates>48.90900022,39.69956176,0</coordinates>
      </Point>
    </Placemark>
    <Placemark>
      <name>ID_ID_TR_X25QBR</name>
      <styleUrl>#style1</styleUrl>
      <Point>
        <coordinates>48.91115618,39.70010075,0</coordinates>
      </Point>
    </Placemark>
    <Placemark>
      <name>ID_ID_TR_MQG1VE</name>
      <styleUrl>#style1</styleUrl>
      <Point>
        <coordinates>48.91214433,39.70010075,0</coordinates>
      </Point>
    </Placemark>
    <Placemark>
      <name>ID_ID_TR_D32LX2</name>
      <styleUrl>#style1</styleUrl>
      <Point>
        <coordinates>48.91331214,39.70019058,0</coordinates>
      </Point>
    </Placemark>
    <Placemark>
      <name>ID_ID_TR_TOOWT9</name>
      <styleUrl>#style1</styleUrl>
      <Point>
        <coordinates>48.90873073,39.70046008,0</coordinates>
      </Point>
    </Placemark>
    <Placemark>
      <name>ID_ID_TR_NM3V2P</name>
      <styleUrl>#style1</styleUrl>
      <Point>
        <coordinates>48.90909005,39.70144822,0</coordinates>
      </Point>
    </Placemark>
    <Placemark>
      <name>ID_ID_TR_2TIXC7</name>
      <styleUrl>#style1</styleUrl>
      <Point>
        <coordinates>48.82554673,39.53085815,0</coordinates>
      </Point>
    </Placemark>
    <Placemark>
      <name>ID_ID_TR_URVQT3</name>
      <styleUrl>#style1</styleUrl>
      <Point>
        <coordinates>48.82563656,39.53229546,0</coordinates>
      </Point>
    </Placemark>
    <Placemark>
      <name>ID_ID_TR_G8CD31</name>
      <styleUrl>#style1</styleUrl>
      <Point>
        <coordinates>48.87666087,39.55942458,0</coordinates>
      </Point>
    </Placemark>
    <Placemark>
      <name>ID_ID_TR_NRXD35</name>
      <styleUrl>#style1</styleUrl>
      <Point>
        <coordinates>48.87207946,39.55969407,0</coordinates>
      </Point>
    </Placemark>
    <Placemark>
      <name>ID_ID_TR_6WAFFT</name>
      <styleUrl>#style1</styleUrl>
      <Point>
        <coordinates>48.87028283,39.56041272,0</coordinates>
      </Point>
    </Placemark>
    <Placemark>
      <name>ID_ID_TR_OUHYLU</name>
      <styleUrl>#style1</styleUrl>
      <Point>
        <coordinates>48.82096532,39.56445514,0</coordinates>
      </Point>
    </Placemark>
    <Placemark>
      <name>ID_ID_TR_6K7P9M</name>
      <styleUrl>#style1</styleUrl>
      <Point>
        <coordinates>48.81809072,39.56517379,0</coordinates>
      </Point>
    </Placemark>
    <Placemark>
      <name>ID_ID_TR_DA9OEK</name>
      <styleUrl>#style1</styleUrl>
      <Point>
        <coordinates>48.8140483,39.56598228,0</coordinates>
      </Point>
    </Placemark>
    <Placemark>
      <name>ID_ID_TR_NTBZ3M</name>
      <styleUrl>#style1</styleUrl>
      <Point>
        <coordinates>48.81323981,39.56616194,0</coordinates>
      </Point>
    </Placemark>
    <Placemark>
      <name>ID_ID_TR_55IZOL</name>
      <styleUrl>#style1</styleUrl>
      <Point>
        <coordinates>48.8738761,39.56777891,0</coordinates>
      </Point>
    </Placemark>
    <Placemark>
      <name>ID_ID_TR_NNTXRG</name>
      <styleUrl>#style1</styleUrl>
      <Point>
        <coordinates>48.87154048,39.56894672,0</coordinates>
      </Point>
    </Placemark>
    <Placemark>
      <name>ID_ID_TR_N74F9Y</name>
      <styleUrl>#style1</styleUrl>
      <Point>
        <coordinates>48.87621171,39.56948571,0</coordinates>
      </Point>
    </Placemark>
    <Placemark>
      <name>ID_ID_TR_ECAZRP</name>
      <styleUrl>#style1</styleUrl>
      <Point>
        <coordinates>48.87315744,39.57110268,0</coordinates>
      </Point>
    </Placemark>
    <Placemark>
      <name>ID_ID_TR_9DXOQ2</name>
      <styleUrl>#style1</styleUrl>
      <Point>
        <coordinates>48.87010317,39.57253998,0</coordinates>
      </Point>
    </Placemark>
    <Placemark>
      <name>ID_ID_TR_VPGSTQ</name>
      <styleUrl>#style1</styleUrl>
      <Point>
        <coordinates>48.82653488,39.40141092,0</coordinates>
      </Point>
    </Placemark>
    <Placemark>
      <name>ID_ID_TR_MGVU4I</name>
      <styleUrl>#style1</styleUrl>
      <Point>
        <coordinates>48.81413813,39.40186008,0</coordinates>
      </Point>
    </Placemark>
    <Placemark>
      <name>ID_ID_TR_SOTN9U</name>
      <styleUrl>#style1</styleUrl>
      <Point>
        <coordinates>48.89031526,39.40186008,0</coordinates>
      </Point>
    </Placemark>
    <Placemark>
      <name>ID_ID_TR_ZERYF0</name>
      <styleUrl>#style1</styleUrl>
      <Point>
        <coordinates>48.82437892,39.40203974,0</coordinates>
      </Point>
    </Placemark>
    <Placemark>
      <name>ID_ID_TR_992QC6</name>
      <styleUrl>#style1</styleUrl>
      <Point>
        <coordinates>48.84063843,39.40239907,0</coordinates>
      </Point>
    </Placemark>
    <Placemark>
      <name>ID_ID_TR_DR08CW</name>
      <styleUrl>#style1</styleUrl>
      <Point>
        <coordinates>48.82330094,39.40257873,0</coordinates>
      </Point>
    </Placemark>
    <Placemark>
      <name>ID_ID_TR_2LBM2Q</name>
      <styleUrl>#style1</styleUrl>
      <Point>
        <coordinates>48.82644505,39.40302789,0</coordinates>
      </Point>
    </Placemark>
    <Placemark>
      <name>ID_ID_TR_SQ0P82</name>
      <styleUrl>#style1</styleUrl>
      <Point>
        <coordinates>48.83794348,39.40320755,0</coordinates>
      </Point>
    </Placemark>
    <Placemark>
      <name>ID_ID_TR_KB700U</name>
      <styleUrl>#style1</styleUrl>
      <Point>
        <coordinates>48.89058476,39.4039262,0</coordinates>
      </Point>
    </Placemark>
    <Placemark>
      <name>ID_ID_TR_CRGB93</name>
      <styleUrl>#style1</styleUrl>
      <Point>
        <coordinates>48.82653488,39.40401603,0</coordinates>
      </Point>
    </Placemark>
    <Placemark>
      <name>ID_ID_TR_WKCS4K</name>
      <styleUrl>#style1</styleUrl>
      <Point>
        <coordinates>48.83632652,39.40437536,0</coordinates>
      </Point>
    </Placemark>
    <Placemark>
      <name>ID_ID_TR_EK4AEG</name>
      <styleUrl>#style1</styleUrl>
      <Point>
        <coordinates>48.82392977,39.40446519,0</coordinates>
      </Point>
    </Placemark>
    <Placemark>
      <name>ID_ID_TR_VFQ3JZ</name>
      <styleUrl>#style1</styleUrl>
      <Point>
        <coordinates>48.89238139,39.40527367,0</coordinates>
      </Point>
    </Placemark>
    <Placemark>
      <name>ID_ID_TR_R25MDF</name>
      <styleUrl>#style1</styleUrl>
      <Point>
        <coordinates>48.81988735,39.40536351,0</coordinates>
      </Point>
    </Placemark>
    <Placemark>
      <name>ID_ID_TR_7FR91I</name>
      <styleUrl>#style1</styleUrl>
      <Point>
        <coordinates>48.82599589,39.40554317,0</coordinates>
      </Point>
    </Placemark>
    <Placemark>
      <name>ID_ID_TR_PWH0MX</name>
      <styleUrl>#style1</styleUrl>
      <Point>
        <coordinates>48.82922983,39.40653132,0</coordinates>
      </Point>
    </Placemark>
    <Placemark>
      <name>ID_ID_TR_1EGOK0</name>
      <styleUrl>#style1</styleUrl>
      <Point>
        <coordinates>48.82752303,39.40689064,0</coordinates>
      </Point>
    </Placemark>
    <Placemark>
      <name>ID_ID_TR_1TNZRF</name>
      <styleUrl>#style1</styleUrl>
      <Point>
        <coordinates>48.8288705,39.40823811,0</coordinates>
      </Point>
    </Placemark>
    <Placemark>
      <name>ID_ID_TR_5A7QY8</name>
      <styleUrl>#style1</styleUrl>
      <Point>
        <coordinates>48.83111629,39.40922626,0</coordinates>
      </Point>
    </Placemark>
    <Placemark>
      <name>ID_ID_TR_YB7W8P</name>
      <styleUrl>#style1</styleUrl>
      <Point>
        <coordinates>48.83327224,39.41129239,0</coordinates>
      </Point>
    </Placemark>
    <Placemark>
      <name>ID_ID_TR_74MJDX</name>
      <styleUrl>#style1</styleUrl>
      <Point>
        <coordinates>48.83461972,39.41263986,0</coordinates>
      </Point>
    </Placemark>
    <Placemark>
      <name>ID_ID_TR_O100VH</name>
      <styleUrl>#style1</styleUrl>
      <Point>
        <coordinates>48.82833151,39.41362801,0</coordinates>
      </Point>
    </Placemark>
    <Placemark>
      <name>ID_ID_TR_MYGTY3</name>
      <styleUrl>#style1</styleUrl>
      <Point>
        <coordinates>48.83614685,39.414167,0</coordinates>
      </Point>
    </Placemark>
    <Placemark>
      <name>ID_ID_TR_ADDQHK</name>
      <styleUrl>#style1</styleUrl>
      <Point>
        <coordinates>48.82994848,39.41578396,0</coordinates>
      </Point>
    </Placemark>
    <Placemark>
      <name>ID_ID_TR_GAD7X4</name>
      <styleUrl>#style1</styleUrl>
      <Point>
        <coordinates>48.83075696,39.42225183,0</coordinates>
      </Point>
    </Placemark>
    <Placemark>
      <name>ID_ID_TR_8WZE4E</name>
      <styleUrl>#style1</styleUrl>
      <Point>
        <coordinates>48.83174511,39.42350947,0</coordinates>
      </Point>
    </Placemark>
    <Placemark>
      <name>ID_ID_TR_X6U86Z</name>
      <styleUrl>#style1</styleUrl>
      <Point>
        <coordinates>48.8553708,39.4355469,0</coordinates>
      </Point>
    </Placemark>
    <Placemark>
      <name>ID_ID_TR_JQ7W7J</name>
      <styleUrl>#style1</styleUrl>
      <Point>
        <coordinates>48.85626912,39.43635538,0</coordinates>
      </Point>
    </Placemark>
    <Placemark>
      <name>ID_ID_TR_P61LFC</name>
      <styleUrl>#style1</styleUrl>
      <Point>
        <coordinates>48.85204703,39.4372537,0</coordinates>
      </Point>
    </Placemark>
    <Placemark>
      <name>ID_ID_TR_1NLC8J</name>
      <styleUrl>#style1</styleUrl>
      <Point>
        <coordinates>48.85321484,39.43734353,0</coordinates>
      </Point>
    </Placemark>
    <Placemark>
      <name>ID_ID_TR_PR7VGR</name>
      <styleUrl>#style1</styleUrl>
      <Point>
        <coordinates>48.85761659,39.43752319,0</coordinates>
      </Point>
    </Placemark>
    <Placemark>
      <name>ID_ID_TR_F1HX6Z</name>
      <styleUrl>#style1</styleUrl>
      <Point>
        <coordinates>48.86031153,39.43806218,0</coordinates>
      </Point>
    </Placemark>
    <Placemark>
      <name>ID_ID_TR_DCUJQ6</name>
      <styleUrl>#style1</styleUrl>
      <Point>
        <coordinates>48.8587844,39.43851134,0</coordinates>
      </Point>
    </Placemark>
    <Placemark>
      <name>ID_ID_TR_FX7XJZ</name>
      <styleUrl>#style1</styleUrl>
      <Point>
        <coordinates>48.85384366,39.43887067,0</coordinates>
      </Point>
    </Placemark>
    <Placemark>
      <name>ID_ID_TR_6US7RP</name>
      <styleUrl>#style1</styleUrl>
      <Point>
        <coordinates>48.86120985,39.43931982,0</coordinates>
      </Point>
    </Placemark>
    <Placemark>
      <name>ID_ID_TR_422TA8</name>
      <styleUrl>#style1</styleUrl>
      <Point>
        <coordinates>48.85779625,39.43940966,0</coordinates>
      </Point>
    </Placemark>
    <Placemark>
      <name>ID_ID_TR_3RU7MY</name>
      <styleUrl>#style1</styleUrl>
      <Point>
        <coordinates>48.85519114,39.43949949,0</coordinates>
      </Point>
    </Placemark>
    <Placemark>
      <name>ID_ID_TR_OW8DT8</name>
      <styleUrl>#style1</styleUrl>
      <Point>
        <coordinates>48.85914372,39.43958932,0</coordinates>
      </Point>
    </Placemark>
    <Placemark>
      <name>ID_ID_TR_CQ1XGB</name>
      <styleUrl>#style1</styleUrl>
      <Point>
        <coordinates>48.86183867,39.44021814,0</coordinates>
      </Point>
    </Placemark>
    <Placemark>
      <name>ID_ID_TR_NGZ6WM</name>
      <styleUrl>#style1</styleUrl>
      <Point>
        <coordinates>48.85644878,39.4406673,0</coordinates>
      </Point>
    </Placemark>
    <Placemark>
      <name>ID_ID_TR_DW0FGZ</name>
      <styleUrl>#style1</styleUrl>
      <Point>
        <coordinates>48.85905389,39.4406673,0</coordinates>
      </Point>
    </Placemark>
    <Placemark>
      <name>ID_ID_TR_VRCTLT</name>
      <styleUrl>#style1</styleUrl>
      <Point>
        <coordinates>48.86273699,39.44093679,0</coordinates>
      </Point>
    </Placemark>
    <Placemark>
      <name>ID_ID_TR_4Q9BC2</name>
      <styleUrl>#style1</styleUrl>
      <Point>
        <coordinates>48.85725726,39.44147578,0</coordinates>
      </Point>
    </Placemark>
    <Placemark>
      <name>ID_ID_TR_BE3YQY</name>
      <styleUrl>#style1</styleUrl>
      <Point>
        <coordinates>48.8636353,39.44165544,0</coordinates>
      </Point>
    </Placemark>
    <Placemark>
      <name>ID_ID_TR_5FU7BF</name>
      <styleUrl>#style1</styleUrl>
      <Point>
        <coordinates>48.85959288,39.44174527,0</coordinates>
      </Point>
    </Placemark>
    <Placemark>
      <name>ID_ID_TR_XQ7BZE</name>
      <styleUrl>#style1</styleUrl>
      <Point>
        <coordinates>48.8585149,39.44273342,0</coordinates>
      </Point>
    </Placemark>
    <Placemark>
      <name>ID_ID_TR_GBL2QG</name>
      <styleUrl>#style1</styleUrl>
      <Point>
        <coordinates>48.86516244,39.44345207,0</coordinates>
      </Point>
    </Placemark>
    <Placemark>
      <name>ID_ID_TR_V3DR2H</name>
      <styleUrl>#style1</styleUrl>
      <Point>
        <coordinates>48.86300648,39.44408089,0</coordinates>
      </Point>
    </Placemark>
    <Placemark>
      <name>ID_ID_TR_2P39YL</name>
      <styleUrl>#style1</styleUrl>
      <Point>
        <coordinates>48.86633025,39.44426056,0</coordinates>
      </Point>
    </Placemark>
    <Placemark>
      <name>ID_ID_TR_9UE421</name>
      <styleUrl>#style1</styleUrl>
      <Point>
        <coordinates>48.86633025,39.44659618,0</coordinates>
      </Point>
    </Placemark>
    <Placemark>
      <name>ID_ID_TR_VMEFOZ</name>
      <styleUrl>#style1</styleUrl>
      <Point>
        <coordinates>48.81494661,39.45602849,0</coordinates>
      </Point>
    </Placemark>
    <Placemark>
      <name>ID_ID_TR_TP7BD4</name>
      <styleUrl>#style1</styleUrl>
      <Point>
        <coordinates>48.81710257,39.45728613,0</coordinates>
      </Point>
    </Placemark>
    <Placemark>
      <name>ID_ID_TR_W1ARAG</name>
      <styleUrl>#style1</styleUrl>
      <Point>
        <coordinates>48.81332964,39.45737596,0</coordinates>
      </Point>
    </Placemark>
    <Placemark>
      <name>ID_ID_TR_DX5O31</name>
      <styleUrl>#style1</styleUrl>
      <Point>
        <coordinates>48.8254569,39.45737596,0</coordinates>
      </Point>
    </Placemark>
    <Placemark>
      <name>ID_ID_TR_YHXSO7</name>
      <styleUrl>#style1</styleUrl>
      <Point>
        <coordinates>48.82815185,39.45755562,0</coordinates>
      </Point>
    </Placemark>
    <Placemark>
      <name>ID_ID_TR_VBGR8W</name>
      <styleUrl>#style1</styleUrl>
      <Point>
        <coordinates>48.86435395,39.45881327,0</coordinates>
      </Point>
    </Placemark>
    <Placemark>
      <name>ID_ID_TR_2MAIET</name>
      <styleUrl>#style1</styleUrl>
      <Point>
        <coordinates>48.82348061,39.45935225,0</coordinates>
      </Point>
    </Placemark>
    <Placemark>
      <name>ID_ID_TR_DN1TH1</name>
      <styleUrl>#style1</styleUrl>
      <Point>
        <coordinates>48.82482808,39.45980141,0</coordinates>
      </Point>
    </Placemark>
    <Placemark>
      <name>ID_ID_TR_XJG2Y8</name>
      <styleUrl>#style1</styleUrl>
      <Point>
        <coordinates>48.8636353,39.46016074,0</coordinates>
      </Point>
    </Placemark>
    <Placemark>
      <name>ID_ID_TR_RGYBXK</name>
      <styleUrl>#style1</styleUrl>
      <Point>
        <coordinates>48.86650991,39.46096922,0</coordinates>
      </Point>
    </Placemark>
    <Placemark>
      <name>ID_ID_TR_PM21B0</name>
      <styleUrl>#style1</styleUrl>
      <Point>
        <coordinates>48.8137788,39.46105905,0</coordinates>
      </Point>
    </Placemark>
    <Placemark>
      <name>ID_ID_TR_7G2RE6</name>
      <styleUrl>#style1</styleUrl>
      <Point>
        <coordinates>48.82392977,39.46105905,0</coordinates>
      </Point>
    </Placemark>
    <Placemark>
      <name>ID_ID_TR_ZVLHYL</name>
      <styleUrl>#style1</styleUrl>
      <Point>
        <coordinates>48.8687557,39.46159804,0</coordinates>
      </Point>
    </Placemark>
    <Placemark>
      <name>ID_ID_TR_2LD05N</name>
      <styleUrl>#style1</styleUrl>
      <Point>
        <coordinates>48.81216184,39.4620472,0</coordinates>
      </Point>
    </Placemark>
    <Placemark>
      <name>ID_ID_TR_HQR6F7</name>
      <styleUrl>#style1</styleUrl>
      <Point>
        <coordinates>48.82087549,39.4620472,0</coordinates>
      </Point>
    </Placemark>
    <Placemark>
      <name>ID_ID_TR_QNEZW9</name>
      <styleUrl>#style1</styleUrl>
      <Point>
        <coordinates>48.86498277,39.46231669,0</coordinates>
      </Point>
    </Placemark>
    <Placemark>
      <name>ID_ID_TR_HEYCE4</name>
      <styleUrl>#style1</styleUrl>
      <Point>
        <coordinates>48.81557543,39.46240653,0</coordinates>
      </Point>
    </Placemark>
    <Placemark>
      <name>ID_ID_TR_QGM5V2</name>
      <styleUrl>#style1</styleUrl>
      <Point>
        <coordinates>48.88294908,39.46240653,0</coordinates>
      </Point>
    </Placemark>
    <Placemark>
      <name>ID_ID_TR_WWG84D</name>
      <styleUrl>#style1</styleUrl>
      <Point>
        <coordinates>48.81862971,39.46258619,0</coordinates>
      </Point>
    </Placemark>
    <Placemark>
      <name>ID_ID_TR_4R9V4K</name>
      <styleUrl>#style1</styleUrl>
      <Point>
        <coordinates>48.8667794,39.46267602,0</coordinates>
      </Point>
    </Placemark>
    <Placemark>
      <name>ID_ID_TR_00ILU6</name>
      <styleUrl>#style1</styleUrl>
      <Point>
        <coordinates>48.88474571,39.46321501,0</coordinates>
      </Point>
    </Placemark>
    <Placemark>
      <name>ID_ID_TR_VFUA9B</name>
      <styleUrl>#style1</styleUrl>
      <Point>
        <coordinates>48.82294162,39.46330484,0</coordinates>
      </Point>
    </Placemark>
    <Placemark>
      <name>ID_ID_TR_Q1BTR2</name>
      <styleUrl>#style1</styleUrl>
      <Point>
        <coordinates>48.88618301,39.46411333,0</coordinates>
      </Point>
    </Placemark>
    <Placemark>
      <name>ID_ID_TR_3QIUA0</name>
      <styleUrl>#style1</styleUrl>
      <Point>
        <coordinates>48.81656358,39.46465231,0</coordinates>
      </Point>
    </Placemark>
    <Placemark>
      <name>ID_ID_TR_8EKXDR</name>
      <styleUrl>#style1</styleUrl>
      <Point>
        <coordinates>48.87100149,39.46501164,0</coordinates>
      </Point>
    </Placemark>
    <Placemark>
      <name>ID_ID_TR_KZ40AQ</name>
      <styleUrl>#style1</styleUrl>
      <Point>
        <coordinates>48.81845004,39.46537097,0</coordinates>
      </Point>
    </Placemark>
    <Placemark>
      <name>ID_ID_TR_15O2NQ</name>
      <styleUrl>#style1</styleUrl>
      <Point>
        <coordinates>48.8137788,39.46564046,0</coordinates>
      </Point>
    </Placemark>
    <Placemark>
      <name>ID_ID_TR_W4C6LB</name>
      <styleUrl>#style1</styleUrl>
      <Point>
        <coordinates>48.87432525,39.46564046,0</coordinates>
      </Point>
    </Placemark>
    <Placemark>
      <name>ID_ID_TR_PJ8T22</name>
      <styleUrl>#style1</styleUrl>
      <Point>
        <coordinates>48.81297032,39.46590996,0</coordinates>
      </Point>
    </Placemark>
    <Placemark>
      <name>ID_ID_TR_C50B8Y</name>
      <styleUrl>#style1</styleUrl>
      <Point>
        <coordinates>48.88923729,39.46590996,0</coordinates>
      </Point>
    </Placemark>
    <Placemark>
      <name>ID_ID_TR_5DNWNG</name>
      <styleUrl>#style1</styleUrl>
      <Point>
        <coordinates>48.87881683,39.4671676,0</coordinates>
      </Point>
    </Placemark>
    <Placemark>
      <name>ID_ID_TR_UCZH9I</name>
      <styleUrl>#style1</styleUrl>
      <Point>
        <coordinates>48.81728223,39.46851507,0</coordinates>
      </Point>
    </Placemark>
  </Document>
</kml>